0.0,-1.8823719009224726,3.506801273441178,-5.167700147630276,0.3148857077316718,2.52535146275069,-3.1872435983803475,-1.313722531546472,-0.12702739160826937,-5.54154039374245,-2.8100623473734254,5.03714284801837,-2.2507596294283623,1.5414931078278915,4.978626918312434,-5.555536318054973,-5.913371783882846,5.737285025734355,-3.563425681364068,-4.7466829513627,3.539508695877476,-4.87800462255086,0.19647765710051068,8.383381066302896,-1.834294878872294,-1.2922674765241693,5.583792956952246,3.3774650908155115,4.196646507352253,4.025490292625068,-4.264959465813476,4.207518836248946,4.015932259832844,6.302410908443186,1.2765194587736461,-8.583991707790751,1.0098694209837564,5.414436718271827,3.3026354378563942,-5.6959663865343115,-6.814980696258454,-2.6713433974379575,-4.600446955849928,6.385854511140078,5.417500240752183,2.368027319420144,-3.03838022118508,2.444833406869326,-2.152817262072624,1.5070591239564068,1.702692735221997,4.980071600479205,2.8919527511521785,-1.7697001686426463,-6.017977384145166,-2.2322505578383702,-1.5848037604874765,0.3137832746857834,0.9689057318471255,-2.752903450755886
-1.8823719009224726,0.0,-6.482614033001609,5.32691775741077,-1.3859894327518263,0.7213025977840744,-1.4767608338457325,-3.4180469187898814,-7.3874002442960744,-3.8948830016828793,1.5055713609814276,-2.6274407451934634,3.0939016192683964,7.652988798059367,3.489695168028841,-4.026443210317476,-0.3388504871735507,1.437953110942333,7.350441741043913,-1.476139174353448,6.328824781728494,3.8910318539013478,-2.9451674361561215,-0.5509701842822006,-0.8482959103821424,9.010201829616173,-3.2022144221244346,-3.777983091063372,-7.882318241621314,-2.3168618171421147,1.603172323028197,-9.150231652402036,2.3186191251312698,-1.419056238828885,-1.8615840462780868,0.2105703942954671,3.6538423366782373,5.279975872982398,4.086388436350749,2.114848995869698,3.5315428688055976,-6.444015228313594,0.562669071697325,-0.7860123479104608,-4.570227037439296,2.9868408101704613,2.409878267787712,6.539995518922283,-3.956844919854996,3.89035972637145,-4.457496208408034,1.6595487406086527,-0.7952671440466128,-7.46463598952818,0.45041157896038486,5.735515824867864,4.756123325281308,-0.6655173457026997,-0.5753950978879354,-5.520923367079086
3.506801273441178,-6.482614033001609,0.0,-0.82049886298286,-2.1004598386277795,-3.812640405886899,4.676281150280813,-0.9917418443884181,6.9054552397747235,-6.380153796733982,-2.05811663548453,-3.8847527984315837,7.548872585993985,-1.5353539264071694,4.531121806606039,0.33163191375534096,4.272236273020998,2.051594920701834,-0.016888409474931088,-4.394691147254867,4.498631053292656,-1.0273160115703752,0.9439993729765375,-8.448923254888461,2.3036180058013365,4.485789324049213,0.257691288215939,-3.142535623341594,-0.31315501479545915,2.048205015705577,0.6451338588640865,1.6262688243740406,-0.5750683878480629,-3.8987036537344517,1.7740469775101548,0.5605338621462748,-4.357497883317145,-0.8093579224517238,-0.9121559810082891,-0.9712402772417081,-6.297822809171431,-2.824229037404467,6.065051352641826,-8.555921980125358,-0.2909051378219498,-1.5515383310833526,-5.886813957161282,-4.2800214171602455,-4.121346254373313,1.6008631477408568,1.978114669729158,-2.416326601931395,-3.0033377575819364,-1.8561444220043768,-2.1200871958646728,-4.3979430951382295,1.790853308851652,0.6208624680581316,-3.25434470362503,-2.1986492018505994
-5.167700147630276,5.32691775741077,-0.82049886298286,0.0,-3.2389732015875685,4.707055234976107,-0.6252712036388042,7.032056992974843,0.6317845884121258,1.5331123375090296,-8.084718394989112,3.927947073091265,1.9853262691919804,-2.542763677251979,-6.736176424243368,1.7515488593873116,-5.197922904980691,7.953670078630807,-3.23625865020166,-3.099483081430275,5.019576995657944,2.0698233576438807,-5.306452636955898,-0.4904054882516853,1.3266206166129333,0.8068415164384763,-0.28014056501528506,-2.2450896065144184,3.188123390425692,1.2113913890962955,-7.994587905101716,8.344760138814314,0.3763842479209174,4.731726026219519,-3.5650119604469888,-1.2744178029274584,1.656980051929077,2.038851766948773,0.7819641977243252,1.6743003803973666,5.334134904615095,-0.3250795062037133,-0.7286446558657076,-1.2733787832779937,-5.807630423501276,1.881536413784663,-2.9142741147824833,0.5439417039069205,7.226004586638373,-2.49005248823081,4.324251051715028,4.150119410497621,2.389255077897455,6.3632082894641355,2.9970440963271967,-3.6582433574835544,5.080218684492831,3.9693641192163565,3.9524099530757946,5.692333042331168
0.3148857077316718,-1.3859894327518263,-2.1004598386277795,-3.2389732015875685,0.0,-7.052166008018022,-1.5964446490546909,-2.935293720631935,2.645726818406537,-0.6141293746214096,-4.8178932951807365,1.3060058457989236,-7.968314144222747,0.5003480207879552,0.49758210365263533,-4.50109681950827,2.280600287059907,0.34719847950975247,-4.84098139002235,-3.386743959027997,2.2068088681180766,-1.2317886657222292,0.34696917639432634,1.9929615225895327,-0.0553193730495245,-1.7532257318078948,4.099596347583837,-2.1688779682301913,3.2711023597046474,8.162050910352646,-5.228900159435682,-3.881819776875948,4.680110358671486,-0.12482696555278538,6.685635974314021,-5.87172384841054,-0.5789235523221841,2.4663423029468206,4.391707051440096,1.0699347313469403,0.06131055333250046,4.716449777853059,-0.0020164259573407506,-8.411513681306554,1.1806744559548763,-2.045140329250902,2.831911499402576,-7.370218012991598,-9.938476376504582,-2.57661014803365,-1.3873097187728956,1.9152413052146526,6.7661593883612134,-7.584882308111581,4.428134184473762,2.5118174203066577,5.623023530349322,-0.2958433606545805,1.072540753213734,-3.6414454119198103
2.52535146275069,0.7213025977840744,-3.812640405886899,4.707055234976107,-7.052166008018022,0.0,0.5575208370460514,-4.598382441826093,-1.3701632261998764,-4.056422768809198,0.9883656780376677,-4.12588509655468,3.0463117153705292,0.8288648680926918,-1.7331077709922997,1.03286434857206,-0.4107053085979748,2.6917111026200757,-2.823694181726871,1.443480583561528,4.944338697887942,6.878544458445116,-5.788109297675561,-4.936316022236035,3.3848712479432788,-3.716425990164841,8.239385102109205,3.296184166686432,0.21937451793820806,1.821069407620823,-6.817259183321211,2.0284162274277975,3.3763455607379687,0.30551765143958676,9.72901129344927,5.344616628289459,4.045337862638951,-0.13162067590255955,0.5021122392536688,-1.2173600127926463,-3.364449689138274,-2.376948551610499,-3.346540051628957,-7.979948018165776,1.6271433417490226,-2.933903953498586,2.9052432883597312,-2.3019085952443374,3.5798207095603845,4.054634092454075,-3.555828367118414,-4.568788000587862,-0.5021001994619532,0.8957636153318278,-3.7809507828114075,-1.1788355371337218,7.750393769316425,3.4050822885607843,-5.049933717527675,-0.6766355173898226
-3.1872435983803475,-1.4767608338457325,4.676281150280813,-0.6252712036388042,-1.5964446490546909,0.5575208370460514,0.0,7.661995386602031,4.408631185642595,-2.37497676105197,5.2700162448509325,-6.108483847810034,0.6021534095426482,-8.046172172565122,-5.260648477696239,1.4125162004213072,1.0994895405350302,1.791834753410213,2.1143909935018703,3.5733882563459645,-2.0273386580914012,6.785148552435158,2.3339593425330145,0.6611229949338449,2.692007749752765,5.936298214657629,-1.1392541805448886,-5.759882922990352,-3.573977118938668,1.6901182668262908,4.093831631265654,-0.698157726164994,7.278248044556098,-5.289848067547176,-3.9285565934409625,-4.25073085374018,0.45030416425456643,6.5118357954043375,-3.362942094639284,0.9672685820248761,-1.5896203337507142,-5.081822002578336,-2.636893952330908,1.361758164264712,4.788724093235751,4.764074924393861,0.26763115015083905,-5.817136993424331,4.698518888580341,-1.8066602034639052,-0.2411438016766274,-3.541948134604275,-5.710729842173684,2.73099451200427,5.620052534971419,1.3222315218282876,-6.0838795513385815,-3.770042792858538,4.915460281013448,-0.5663855694352313
-1.313722531546472,-3.4180469187898814,-0.9917418443884181,7.032056992974843,-2.935293720631935,-4.598382441826093,7.661995386602031,0.0,4.474193041870349,1.612176154493513,-3.797370398566665,-1.6789693429911376,-1.4335849376232366,-1.5451418821827723,-7.360586563972209,-3.435833081525223,-5.953552234270849,1.5495408375153152,-1.9076784091287422,1.5312134638813282,-2.8910218978286233,-0.8722530716473709,0.7444624952496097,6.226426146949006,-1.9790060871288198,-0.21096326072147153,-1.0463810650857042,-1.94041109757014,-1.134919485868882,-2.567472382676349,4.787237514992847,5.2010817822769795,-3.892745992793362,0.9141292213119145,-1.9962693080673795,-5.085458477814442,0.40688107111295135,-2.7704426616364586,-6.326326537950873,0.907440515158342,2.011465943494583,7.782131766783474,-1.9145108277082699,-2.4869639165975137,3.9955439204160186,-2.875350693247025,-1.400160697363956,-0.1984372616566752,-3.3636788034956266,0.7725684102074597,-2.2606313205183475,-3.470834835361789,1.5651799914250022,0.4088782746320865,-1.253735462191182,1.2733291484040263,0.9617527109316115,4.0629143455907535,-5.610826004757758,-1.1653121924703593
-0.12702739160826937,-7.3874002442960744,6.9054552397747235,0.6317845884121258,2.645726818406537,-1.3701632261998764,4.408631185642595,4.474193041870349,0.0,8.879314985328724,8.726871250212488,0.35165123555731714,-3.9749836484166887,1.4567148594297832,1.0981166661364017,-0.5414419011550287,0.26297187988224024,-0.06427850372007526,-1.1932356799775228,-3.3935132313008554,-1.594550498104442,0.06380704764548639,8.832274035635779,9.039173657984954,3.51231956076926,-0.6996797851276457,5.462939193582234,6.652451526420669,-3.8909345972763374,2.342957222714234,-0.07156504178778533,-2.629572187851676,-5.3725354603005995,5.295852019787185,-4.784925495252915,-2.881295002145473,-0.905284337969579,-1.0267414475122187,2.226676325946703,-3.114236689738096,-4.244734150706628,-0.15230001372790225,7.464332687584372,2.2033126124516884,-1.0824395709897776,-7.299373744021307,3.6630026420235327,5.633322206517469,0.01824842153567996,-1.4784384371545283,-0.7776483575644821,2.2752735784397142,-3.3308040131325067,-0.020010600604551065,0.24916611036378322,0.18075823145627723,-0.8004951085450935,-1.5548151215358255,-1.8559084073972656,-4.236056626682358
-5.54154039374245,-3.8948830016828793,-6.380153796733982,1.5331123375090296,-0.6141293746214096,-4.056422768809198,-2.37497676105197,1.612176154493513,8.879314985328724,0.0,0.13102679299250042,2.305510365093312,8.833666160388796,4.37363809948261,3.0663970678670065,-7.767739122803217,-0.7973189158930367,2.887733886199685,-4.054842012598992,-5.127094235268255,1.0313017417344241,-5.798445865837359,0.4059765723366944,-4.812806364596006,-4.478793233909853,-4.906443246686002,0.7567226078782667,-2.715483912284296,2.6790757190270744,2.2693228077198455,2.314871376633444,-1.496339963110548,0.8990321779330221,-4.428769944013924,2.3941231772077955,-0.6518634083574772,0.7214792735464615,-3.730870348190314,-3.1454346820049337,-1.6850194125461737,4.242449560839878,2.2931864747045605,-1.0212683037312673,-1.044235848366255,-2.8216662944447126,5.480550656450409,-1.5453579883177655,-3.027104565593579,-3.136863062788099,1.8168350407802238,0.9440304560397861,1.799506641560086,0.3751189969764597,-1.3622862448717292,-0.4179604805902759,-1.5405361975551966,4.751201281703592,0.20973036254669086,-1.9514294922359605,-5.87764358125314
-2.8100623473734254,1.5055713609814276,-2.05811663548453,-8.084718394989112,-4.8178932951807365,0.9883656780376677,5.2700162448509325,-3.797370398566665,8.726871250212488,0.13102679299250042,0.0,2.793000111365273,-4.403769536947443,4.51085787254002,-6.335122690948955,3.5743588103927006,-1.5048630077704148,5.554642113771948,4.381660947928147,-2.141989459647651,1.383740871388894,4.567175001439955,-1.9672890247798884,-7.749841456442287,-0.9675072659335981,0.8380443159204134,-5.918667065219486,-3.6759701891901964,-0.86090810129659,1.233730628428015,1.8651904531676928,1.9944720169168129,1.1620651465630987,-4.082440309691018,-2.82574462379901,-2.0552849859121904,-0.6632135973356017,-3.1665479451702216,2.544833340936829,5.9437587842610125,-1.7317388100222928,-1.1822084849409151,-2.423788216313962,3.2002460196755678,-4.656354575732113,0.6404908355153793,-7.160121991493271,2.0922582780803394,-0.5862912952280022,-0.2003941568363219,1.4552419532013774,-0.14413431825135348,6.08295815423259,1.86964950233408,6.054791108098483,-3.6721330417382867,-1.7855071185187095,0.8882822016667049,-2.415867304260419,2.6462129164938206
5.03714284801837,-2.6274407451934634,-3.8847527984315837,3.927947073091265,1.3060058457989236,-4.12588509655468,-6.108483847810034,-1.6789693429911376,0.35165123555731714,2.305510365093312,2.793000111365273,0.0,0.04748978492515299,1.1790314612463018,-0.7485042297685922,5.261763383440719,3.6921130297776346,5.2797118218802375,-6.920083850419306,6.25134197228922,0.20575333131355666,-8.478883402187204,-1.545907506437933,4.73448923115761,0.934608010301023,-8.772434319510175,5.989791058310193,-1.160958600711671,-4.368273333469118,-5.708296130046683,-2.0278161439775357,-6.636809535552613,-6.538796523703952,-1.4501802801458599,1.0294472887058843,2.064511763978707,2.405782894229678,-1.2647477398689508,-2.0834498578412903,0.2363526025558853,-4.310829913111939,-2.1937462937402223,1.1905512974394963,2.992749912799739,-0.9305999425253528,5.337135256415957,-0.3842898640086343,-4.85048354885812,6.223508497160383,-6.361078506137797,-2.094342539371529,-5.003199748379018,4.569086201711268,-0.7236733183859734,3.252617149103557,8.384066091275557,0.09190340560869892,-2.918951238394368,1.143916283440428,5.440048039628212
-2.2507596294283623,3.0939016192683964,7.548872585993985,1.9853262691919804,-7.968314144222747,3.0463117153705292,0.6021534095426482,-1.4335849376232366,-3.9749836484166887,8.833666160388796,-4.403769536947443,0.04748978492515299,0.0,-4.916277496875011,-1.7464909681001957,-7.9593598380105846,-3.8719156765647504,1.2648424370588982,0.1265375864141438,4.081936307611493,-0.17493849335601652,-2.98307780442787,-2.5618093468137153,4.508882013310273,-6.049774466914921,-3.5227280067176894,3.5251051124154245,-6.504177138948842,-0.07749911182566471,0.6599648145478456,-2.5909273624315023,7.094090910516403,-0.1798346826802586,-3.0662800284080847,-1.2767478999889383,3.0446717578769693,1.8002230071120966,4.451980692050289,1.4480196511237549,-0.7900554438245067,-5.406740617161926,4.931874123195558,-5.30952051907295,1.6547304119295445,-4.778200073081678,1.843686891527045,7.118232231923171,1.2126027695902248,0.15601048986576593,6.126798353820806,0.8753362506708511,-1.9690723478132646,0.6758118225678689,-4.949434118389829,-2.9111350844799615,1.2132102826743703,2.165034478443092,-2.515543602489993,0.7583806350233568,-2.156274345165637
1.5414931078278915,7.652988798059367,-1.5353539264071694,-2.542763677251979,0.5003480207879552,0.8288648680926918,-8.046172172565122,-1.5451418821827723,1.4567148594297832,4.37363809948261,4.51085787254002,1.1790314612463018,-4.916277496875011,0.0,0.0005058265026898212,5.093479359400414,-6.144008590969154,2.9846888545305745,6.331547255359241,1.5536995697286118,-6.336716063540651,2.407519038017033,-9.369935692137428,4.422250861683435,-2.0733559964605184,1.8062181975997849,2.1766152632571103,1.1046999740998338,2.4260314644558516,0.049951847748527456,-8.419755974566554,0.2275736227591887,2.429759665574098,-3.320504228350857,-3.6810193813442815,-1.0858167992439007,2.7965560684661925,7.263713256046092,-0.2911384872331926,5.711942312231103,-0.9899579493631938,2.1848050070003704,3.7786699193662345,2.064224030709133,4.557917020215118,-0.38998211764924173,1.6609484154099299,-4.154827371137069,-0.862035566342231,-2.831776858491126,0.1722436900856028,3.8000286480985563,-5.854272472407637,1.0639527529298531,0.6922249037243087,-2.175015941644828,2.0598942673494465,4.179819958520172,2.5717715951847264,7.57676436422677
4.978626918312434,3.489695168028841,4.531121806606039,-6.736176424243368,0.49758210365263533,-1.7331077709922997,-5.260648477696239,-7.360586563972209,1.0981166661364017,3.0663970678670065,-6.335122690948955,-0.7485042297685922,-1.7464909681001957,0.0005058265026898212,0.0,6.727807901334734,-3.924975020343279,-7.1190142209635106,-4.909570715081051,-7.198973295325615,-1.2387506738954563,9.651514983478958,-1.8509963722564047,3.0130821324626478,-5.698641895865549,0.40633720083126024,0.7016040618603832,-4.043880104734988,2.2919031056788173,0.5888475490518745,0.7249510903885295,-6.26213208197992,-6.330132022628156,6.857514188217683,3.8088871649721447,-0.45444129186683835,-2.50848050054375,-0.48119287969383784,3.4137274280445276,0.2927513587673909,7.16166048735931,-5.295425128554279,1.2518626262432115,1.98853961051746,-1.5457891445916676,-3.5118620208851272,-6.284691677144831,3.368149940281068,0.13989346792968416,3.9132850754412374,1.4875361560322977,0.2641618931345162,2.9904613654021475,-3.3483623435761105,-2.035847747655054,-5.54317044132675,2.7130060202102335,2.6177745634652574,0.4692096046322942,-7.219872860310388
-5.555536318054973,-4.026443210317476,0.33163191375534096,1.7515488593873116,-4.50109681950827,1.03286434857206,1.4125162004213072,-3.435833081525223,-0.5414419011550287,-7.767739122803217,3.5743588103927006,5.261763383440719,-7.9593598380105846,5.093479359400414,6.727807901334734,0.0,2.1482881508758815,-5.508206056616661,-0.4913974369064871,1.43059714044447,8.374020753550768,3.7743340769255402,-7.255188941194268,-3.8471734218553553,-4.721442109989416,-0.5711642374014776,1.426725825878104,5.566166288685322,9.827493540069488,0.40806598648683856,-4.411040010765024,1.0871853927074833,1.0097586086639136,3.7559375640701624,7.5073128437145815,-3.439327718346259,-1.0751382496518698,-7.113553268147127,0.21142059046353623,6.897588034355088,2.4580400553151325,0.6324745010719282,2.964698360301065,2.17183761319063,-2.5883606705817086,3.4112185057694417,-7.389329701590802,-2.9617387695030617,0.722414318860161,-0.4612751909716404,-1.6875061442089887,0.6813873390698157,-0.7240829848767136,-2.50700947149012,4.418807995854248,1.342059276680045,-0.6083381793123595,-2.1517825414936267,3.9108388362178292,4.428247658011517
-5.913371783882846,-0.3388504871735507,4.272236273020998,-5.197922904980691,2.280600287059907,-0.4107053085979748,1.0994895405350302,-5.953552234270849,0.26297187988224024,-0.7973189158930367,-1.5048630077704148,3.6921130297776346,-3.8719156765647504,-6.144008590969154,-3.924975020343279,2.1482881508758815,0.0,-1.704500828814595,-6.014027586365391,-7.616321246112114,2.326824533583801,-3.055084385525725,-3.9605056884527414,-9.012261305447261,8.11491414648075,-2.662386307801089,-1.5312944791032548,-5.5403693229367335,-8.378716545732635,-0.5156334872694268,-0.8636876256260901,1.0585368626222404,3.310570419161026,4.668882110002906,1.2559232549177333,-7.3333991404392,-3.8103393909800474,-0.31285279915340247,5.413970788319477,3.9748795496878007,-7.047758842951637,0.5615976617293095,-3.2479849367717497,-0.9726058513053761,-0.9508420049300392,-0.44911428799619735,1.0907721636191816,8.17523057532903,3.275901569434466,-4.0846412226558835,-4.562102344598796,-2.8807829234832916,6.503198790465504,1.4230567942936885,-2.203801813211074,1.0072523235670188,1.8260271325814124,-0.11477268981691058,0.11883592270861065,1.319725372494851
5.737285025734355,1.437953110942333,2.051594920701834,7.953670078630807,0.34719847950975247,2.6917111026200757,1.791834753410213,1.5495408375153152,-0.06427850372007526,2.887733886199685,5.554642113771948,5.2797118218802375,1.2648424370588982,2.9846888545305745,-7.1190142209635106,-5.508206056616661,-1.704500828814595,0.0,-0.24094940033635082,2.927825862631013,7.023435343824271,-2.2735717768433013,6.646332308298603,-5.3152498949441975,-4.667720275018125,-7.254090463143827,-5.354418037055523,-2.1436609210009037,-0.5539388464193298,-5.576603600985499,4.692239912086447,2.0964026047411526,-3.4775313383892392,4.8966530049233,1.734492599036562,0.48551753779151197,5.346304399878197,4.537652993750403,-8.053873458265555,-0.020984120324095912,4.256644071973863,-6.804057230367601,-6.8996814694391455,7.818718286914189,1.7030007883186826,-0.7892096669357835,1.4557663773178282,-8.92325125967906,0.8998418548422205,-4.860577935348047,-3.538644591017249,-0.09760559393798562,-7.701201690940734,8.729770111558684,-4.443254718730261,0.03548101086102218,-5.687940524934347,2.948734428700562,-3.031116494684609,-7.720887709050651
-3.563425681364068,7.350441741043913,-0.016888409474931088,-3.23625865020166,-4.84098139002235,-2.823694181726871,2.1143909935018703,-1.9076784091287422,-1.1932356799775228,-4.054842012598992,4.381660947928147,-6.920083850419306,0.1265375864141438,6.331547255359241,-4.909570715081051,-0.4913974369064871,-6.014027586365391,-0.24094940033635082,0.0,0.3950263575379491,-4.038809681421219,0.9675196514221049,0.07031890034331845,-1.2356075632398484,-6.646726299817134,6.793420192276881,1.1675268470080127,3.9982218762949424,0.11766890134101082,0.9405268350732383,-0.7461073849262929,1.0646129382863831,7.536930176412101,4.716749244614009,-4.754816986291512,-4.395737480585441,2.265498534195289,-4.241086042442712,-0.8193001252553653,-2.0091822797743006,1.4918516321300181,0.7981598445940046,-3.274226505265349,1.3855610845861763,-4.630577865269891,-2.0170200253486046,4.780123533463735,-1.9018705309289046,-3.626987154439799,-1.1369527235191894,2.446600667822794,9.104347241177292,-1.0220905310893968,2.2517531028071964,-2.0058161834121107,2.81841317746656,0.7591221130482628,2.4015411498645305,4.331054369270224,-0.08965111747992882
-4.7466829513627,-1.476139174353448,-4.394691147254867,-3.099483081430275,-3.386743959027997,1.443480583561528,3.5733882563459645,1.5312134638813282,-3.3935132313008554,-5.127094235268255,-2.141989459647651,6.25134197228922,4.081936307611493,1.5536995697286118,-7.198973295325615,1.43059714044447,-7.616321246112114,2.927825862631013,0.3950263575379491,0.0,-0.3537268351349794,-1.7071465797280072,-0.9265111180722876,0.33641487527512615,-1.1565901544661052,4.550650870486187,4.909148684603842,-1.935649517890977,-6.431254458995585,-1.7571536330421722,3.3106825811472538,0.6098028606696051,1.0613318010316863,-3.464406084760287,1.485386956090598,2.034221112126623,9.056363922410528,1.5072678034032396,-0.8635531204134561,0.9653106782115337,-9.15500051139653,-0.31522063761712094,5.253569821327717,6.581698012645068,-1.3591135677169977,-5.926557605574936,-0.7646422700898547,-7.623333360981196,2.3151297007178213,2.2752150246264042,5.738396285238571,3.948107433199471,-6.5326106267177,0.5825481820004352,2.432586667284517,-4.593853150396448,1.6686663154662549,1.7884480797236773,1.6118479435408934,-0.2707848610009371
3.539508695877476,6.328824781728494,4.498631053292656,5.019576995657944,2.2068088681180766,4.944338697887942,-2.0273386580914012,-2.8910218978286233,-1.594550498104442,1.0313017417344241,1.383740871388894,0.20575333131355666,-0.17493849335601652,-6.336716063540651,-1.2387506738954563,8.374020753550768,2.326824533583801,7.023435343824271,-4.038809681421219,-0.3537268351349794,0.0,0.6092808213855259,-1.4197919580930378,-1.484060790132152,-1.1428865407039082,9.094692013239225,1.2965941495703888,1.3855946017902223,0.052878474527350505,1.5369155439417552,-5.819723743998411,-1.1165554038299135,1.0944839518803189,0.9208133461974879,3.0819751175124797,4.9638967039782855,-0.6362285913051027,-4.512104020118479,4.167237905667723,-0.9898993624649428,1.0517018324989023,1.8589452699520619,0.5094754862900679,4.983436983555055,4.801833522289711,-1.7325888566426184,-1.5941871270024226,-6.549601655745626,0.10605538775686796,3.1902500905684086,1.3969208948060539,0.8787758119575719,0.3873474213705017,-8.7169210606393,-0.5952003033651265,-6.031273764284112,-0.49296583180260534,0.5456277177538151,-2.8268517834099365,-5.177821200255026
-4.87800462255086,3.8910318539013478,-1.0273160115703752,2.0698233576438807,-1.2317886657222292,6.878544458445116,6.785148552435158,-0.8722530716473709,0.06380704764548639,-5.798445865837359,4.567175001439955,-8.478883402187204,-2.98307780442787,2.407519038017033,9.651514983478958,3.7743340769255402,-3.055084385525725,-2.2735717768433013,0.9675196514221049,-1.7071465797280072,0.6092808213855259,0.0,0.18432034693166077,0.06998754259520723,-8.589194900553935,2.6513424928191087,2.4751174207483206,-7.395908027226062,-1.4565942640177,8.916263053908665,-1.4313123628645452,-3.0405052044419723,-0.002400309081917129,3.303472402845177,-8.4010763461753,-2.5670670223693697,-3.1259316344842825,0.3189829105489199,3.540366984976407,-4.35175707627498,3.767796518761367,-2.248127174345191,7.913410206997629,-1.9386281895243656,0.38040503503115985,-0.8383195686078668,4.739903053744377,-4.949228411524746,-1.240462527104711,6.177139455153213,3.0000195358466284,3.281099000991265,0.5758351976514398,2.4356771762460916,4.898130485215328,-8.146884058816049,-2.093947086107274,-3.30521430326992,2.835243022596001,2.717272476985658
0.19647765710051068,-2.9451674361561215,0.9439993729765375,-5.306452636955898,0.34696917639432634,-5.788109297675561,2.3339593425330145,0.7444624952496097,8.832274035635779,0.4059765723366944,-1.9672890247798884,-1.545907506437933,-2.5618093468137153,-9.369935692137428,-1.8509963722564047,-7.255188941194268,-3.9605056884527414,6.646332308298603,0.07031890034331845,-0.9265111180722876,-1.4197919580930378,0.18432034693166077,0.0,-2.2454191943495836,-2.694300344163462,-0.9729864167050288,2.195588857594584,2.5439431109568806,-0.8291381815387484,1.3293876556738846,0.8102569494771772,7.67297511079191,6.084231629271002,2.638323937319403,2.84380086242094,-8.413556755597966,7.925065079450182,5.805441504134967,6.0921319793211275,-3.0472264947325316,-9.177048329293278,1.577314344496462,6.228468950441305,-3.0606139642189554,5.765103823033478,2.1850872697347965,-0.2627980524614646,-2.010373592839711,7.449923795103144,2.4853697051460406,0.489064653257568,4.787099792192009,4.576572951711171,-5.466205260852778,-3.4227352121844996,-0.8862794970822652,3.4356436100961503,0.8064465688035334,6.482436886351067,1.0133496656844851
8.383381066302896,-0.5509701842822006,-8.448923254888461,-0.4904054882516853,1.9929615225895327,-4.936316022236035,0.6611229949338449,6.226426146949006,9.039173657984954,-4.812806364596006,-7.749841456442287,4.73448923115761,4.508882013310273,4.422250861683435,3.0130821324626478,-3.8471734218553553,-9.012261305447261,-5.3152498949441975,-1.2356075632398484,0.33641487527512615,-1.484060790132152,0.06998754259520723,-2.2454191943495836,0.0,6.541554452907065,2.8689603244419004,-3.01715289340604,4.019030719740892,4.1779148499037095,7.28930943438368,3.1030388738918715,5.72017844618713,-6.282054589579507,-0.16359866955274782,0.4381346927179015,-1.2895352266655178,-2.4605186201265132,6.76745567423249,2.5476510905353433,-0.04498085288413556,-3.7598808287072094,-5.864614228404846,-1.9877403366144626,-3.6185908090821526,5.112411127889798,6.0890981038985865,-5.526060266453837,3.948428359014841,-1.5001378944593888,-2.8511647829970714,3.3983642417700715,3.144400605853712,0.6168046859435341,-4.692114892250496,-3.637369496066196,-2.991430885727749,2.589113969323754,-3.7776206057868533,-0.29279048726411894,1.5764902650010981
-1.834294878872294,-0.8482959103821424,2.3036180058013365,1.3266206166129333,-0.0553193730495245,3.3848712479432788,2.692007749752765,-1.9790060871288198,3.51231956076926,-4.478793233909853,-0.9675072659335981,0.934608010301023,-6.049774466914921,-2.0733559964605184,-5.698641895865549,-4.721442109989416,8.11491414648075,-4.667720275018125,-6.646726299817134,-1.1565901544661052,-1.1428865407039082,-8.589194900553935,-2.694300344163462,6.541554452907065,0.0,3.1876543463904987,1.124145122307925,4.715181555350583,1.9734760745679925,5.169079359231286,2.7276277732638157,5.833624209758995,-7.156454409142801,-5.267632406522191,-5.532985826712696,-4.37745462817121,-0.3063123795916942,-2.438731375080833,-3.290806309943836,-2.099525622317598,-7.583997836437414,5.305130843206127,2.0742877221475924,5.471225477846561,0.9384561151318325,3.4094407554095643,-1.3782832184025677,3.071102670167198,-6.074651103938295,1.9876381278864885,-2.933730180796152,2.5851700971104457,-1.7890599875784985,-3.6777526308523387,-0.3821806681094131,-4.236791937256085,-8.043680412961207,-6.508933645766586,-8.93631619476082,-0.275249361042988
-1.2922674765241693,9.010201829616173,4.485789324049213,0.8068415164384763,-1.7532257318078948,-3.716425990164841,5.936298214657629,-0.21096326072147153,-0.6996797851276457,-4.906443246686002,0.8380443159204134,-8.772434319510175,-3.5227280067176894,1.8062181975997849,0.40633720083126024,-0.5711642374014776,-2.662386307801089,-7.254090463143827,6.793420192276881,4.550650870486187,9.094692013239225,2.6513424928191087,-0.9729864167050288,2.8689603244419004,3.1876543463904987,0.0,1.9780384295669036,-5.233026488251339,-1.8124701842699653,3.1026958600510337,2.608104681258278,-5.389978231215574,-2.1642783886682855,2.2524268703981,2.3849730289245246,0.41663119800354753,7.001022677092446,2.076154488359099,5.485727009163899,1.9744549529940212,-1.4219979632047481,-3.889777127234696,2.615569462372344,5.050561982184562,-4.75156900873395,0.05959494777236163,0.6053423851483251,-2.3610725527636025,-2.593433482006315,1.1838450405125611,3.7770627771938665,6.900823437856376,-4.650983729278876,-0.2984928889802698,-3.5510661252546414,0.5788084923042751,7.012828493561159,-6.538591583012796,3.2208233855274155,-0.613951417561422
5.583792956952246,-3.2022144221244346,0.257691288215939,-0.28014056501528506,4.099596347583837,8.239385102109205,-1.1392541805448886,-1.0463810650857042,5.462939193582234,0.7567226078782667,-5.918667065219486,5.989791058310193,3.5251051124154245,2.1766152632571103,0.7016040618603832,1.426725825878104,-1.5312944791032548,-5.354418037055523,1.1675268470080127,4.909148684603842,1.2965941495703888,2.4751174207483206,2.195588857594584,-3.01715289340604,1.124145122307925,1.9780384295669036,0.0,0.3979349954321352,2.2425457120193553,-2.3846224459782617,4.416040188787966,-4.626186025851857,-1.5691447830443357,-0.09147092925976708,-5.6760400928230945,-2.862236510107711,-0.9578238689777567,-0.6169131136324673,7.693894134838306,-4.93710128986599,-1.2694604942164465,0.038374393008346885,4.614981405211894,0.16431365760801597,-5.525548434285476,6.551325053784337,-0.5596867565227432,0.4350848226667825,0.11954464153509026,4.91234086703733,-1.8847061446291136,-5.980033334576952,-5.643878214103526,-3.5457232341184755,1.8747653555405033,1.7958466477464299,1.5163413344392476,-3.720000139847972,-5.951792164368199,3.661703734835763
3.3774650908155115,-3.777983091063372,-3.142535623341594,-2.2450896065144184,-2.1688779682301913,3.296184166686432,-5.759882922990352,-1.94041109757014,6.652451526420669,-2.715483912284296,-3.6759701891901964,-1.160958600711671,-6.504177138948842,1.1046999740998338,-4.043880104734988,5.566166288685322,-5.5403693229367335,-2.1436609210009037,3.9982218762949424,-1.935649517890977,1.3855946017902223,-7.395908027226062,2.5439431109568806,4.019030719740892,4.715181555350583,-5.233026488251339,0.3979349954321352,0.0,2.7753907846731565,3.7006492485294453,1.1780327330770963,-1.610769971397266,0.6886954048694514,2.9627969916862646,-3.1048282550870434,-2.6337478806180616,8.2898901081804,-3.5150937051766773,-5.728119659583179,0.9869954232056593,3.170479201654606,-2.5546999795195915,6.490847459124124,1.290858238369084,-0.7238607561396599,-2.0988635803446307,2.2323574548767486,-5.669641185298701,4.267959690299662,1.3084010352643776,0.3577928460270705,-2.978201282988643,-5.152789776465539,-4.895377501955642,2.5202352365002794,7.250449678893217,-1.6177564800503448,0.5384293910805518,2.6703274220274844,-7.508465179024576
4.196646507352253,-7.882318241621314,-0.31315501479545915,3.188123390425692,3.2711023597046474,0.21937451793820806,-3.573977118938668,-1.134919485868882,-3.8909345972763374,2.6790757190270744,-0.86090810129659,-4.368273333469118,-0.07749911182566471,2.4260314644558516,2.2919031056788173,9.827493540069488,-8.378716545732635,-0.5539388464193298,0.11766890134101082,-6.431254458995585,0.052878474527350505,-1.4565942640177,-0.8291381815387484,4.1779148499037095,1.9734760745679925,-1.8124701842699653,2.2425457120193553,2.7753907846731565,0.0,1.7203545063388663,-6.693446006676144,1.1121172086170015,-7.833521244655545,-6.976944120010705,-2.8877336833415677,0.15435414421984284,-0.47836946180347084,0.18806296527005895,1.9369831654819132,-5.226334148336966,-1.2099277825522483,6.675845768674568,3.708543958738569,1.250952143588091,5.922337234203674,1.5646121058346507,-5.996257501102981,-2.3861969240150627,-6.926557264072378,0.8349767809777036,6.097820427231931,-4.802332293100522,6.449141768832014,6.5749196524479245,-0.5789075488046658,0.7601403284956865,-0.4720854244469228,1.3071912189108796,0.34135476536449616,1.4455881608121404
4.025490292625068,-2.3168618171421147,2.048205015705577,1.2113913890962955,8.162050910352646,1.821069407620823,1.6901182668262908,-2.567472382676349,2.342957222714234,2.2693228077198455,1.233730628428015,-5.708296130046683,0.6599648145478456,0.049951847748527456,0.5888475490518745,0.40806598648683856,-0.5156334872694268,-5.576603600985499,0.9405268350732383,-1.7571536330421722,1.5369155439417552,8.916263053908665,1.3293876556738846,7.28930943438368,5.169079359231286,3.1026958600510337,-2.3846224459782617,3.7006492485294453,1.7203545063388663,0.0,-1.5183670131820604,1.7313190731311199,4.858319115220725,-2.135605656220463,-4.283777985730528,-1.9100111534145854,-6.563857252810214,-6.9326502798536795,-1.9864231919640183,-3.0922887574493547,4.5328732418763025,-4.644240287175288,-4.505992397858484,-4.669156996719889,-4.823311389339755,-2.103475226574581,3.437021498311177,-1.3705892360756824,-1.2212884360784857,4.8282918898092415,-7.4489166453057765,1.8963638691427271,-2.6080280229028334,4.539150377110626,2.162816173205967,3.053733227100569,4.857717068693356,-2.8171035970446323,5.211316633821214,-4.145124786726395
-4.264959465813476,1.603172323028197,0.6451338588640865,-7.994587905101716,-5.228900159435682,-6.817259183321211,4.093831631265654,4.787237514992847,-0.07156504178778533,2.314871376633444,1.8651904531676928,-2.0278161439775357,-2.5909273624315023,-8.419755974566554,0.7249510903885295,-4.411040010765024,-0.8636876256260901,4.692239912086447,-0.7461073849262929,3.3106825811472538,-5.819723743998411,-1.4313123628645452,0.8102569494771772,3.1030388738918715,2.7276277732638157,2.608104681258278,4.416040188787966,1.1780327330770963,-6.693446006676144,-1.5183670131820604,0.0,3.4579649054205364,-4.514139708172282,-3.0174903986610513,5.348567317904617,-3.886517460234865,-1.3520978423997434,3.665585793853915,3.6927142680586416,0.3327177142579112,-3.5927801231460146,-5.828067679238133,0.5642819566655568,-4.278226482509952,0.6033749947496077,8.165352893879449,-3.5045976846303457,-5.4720706398251195,-1.6609114639295255,-2.2914236514269706,-4.566178026121849,0.4553555831897018,-5.491673786999543,-5.698136948778763,-0.43884096085938396,3.375840631340651,2.381449201378671,0.2515293216004153,3.3249309679154653,2.466889593415007
4.207518836248946,-9.150231652402036,1.6262688243740406,8.344760138814314,-3.881819776875948,2.0284162274277975,-0.698157726164994,5.2010817822769795,-2.629572187851676,-1.496339963110548,1.9944720169168129,-6.636809535552613,7.094090910516403,0.2275736227591887,-6.26213208197992,1.0871853927074833,1.0585368626222404,2.0964026047411526,1.0646129382863831,0.6098028606696051,-1.1165554038299135,-3.0405052044419723,7.67297511079191,5.72017844618713,5.833624209758995,-5.389978231215574,-4.626186025851857,-1.610769971397266,1.1121172086170015,1.7313190731311199,3.4579649054205364,0.0,-0.43321857372902617,-7.775451242688732,-3.8780497328670744,2.2221494039121366,-2.52623822885233,-5.893288466497181,-3.709884221921086,-7.784377337822725,-1.949802456842031,-1.007671284644172,-1.6747264860616378,4.067004275407596,5.906614513034291,1.9036628383316172,-2.284020500027932,1.9254542264235202,-2.9021401435291843,-3.0410783621903885,-0.44119891929037536,-3.4319806942668865,4.69044270597429,-4.2795240441404845,-6.138988427181479,-1.4124746016991034,-4.07304277038569,4.616885295028306,-3.1836585034024196,3.9846719049181276
4.015932259832844,2.3186191251312698,-0.5750683878480629,0.3763842479209174,4.680110358671486,3.3763455607379687,7.278248044556098,-3.892745992793362,-5.3725354603005995,0.8990321779330221,1.1620651465630987,-6.538796523703952,-0.1798346826802586,2.429759665574098,-6.330132022628156,1.0097586086639136,3.310570419161026,-3.4775313383892392,7.536930176412101,1.0613318010316863,1.0944839518803189,-0.002400309081917129,6.084231629271002,-6.282054589579507,-7.156454409142801,-2.1642783886682855,-1.5691447830443357,0.6886954048694514,-7.833521244655545,4.858319115220725,-4.514139708172282,-0.43321857372902617,0.0,8.884217288439462,2.236111428441535,-3.977729874411778,0.9186118385118505,-7.554647239356738,-3.971342628643206,2.591556295982908,-2.872493235536094,2.6690363921723117,0.6593757352890997,4.778957499827403,0.7460462162174357,-5.939895482372097,1.6809191985076009,0.8574413051547181,8.426406820466148,-1.5255553846432566,1.9686894873066954,0.4984725581828622,2.472854039028986,5.247503418288382,2.2148770845828265,-0.10938191351522608,3.294838412361875,0.34245170939880865,3.9397014827415733,7.734141811738201
6.302410908443186,-1.419056238828885,-3.8987036537344517,4.731726026219519,-0.12482696555278538,0.30551765143958676,-5.289848067547176,0.9141292213119145,5.295852019787185,-4.428769944013924,-4.082440309691018,-1.4501802801458599,-3.0662800284080847,-3.320504228350857,6.857514188217683,3.7559375640701624,4.668882110002906,4.8966530049233,4.716749244614009,-3.464406084760287,0.9208133461974879,3.303472402845177,2.638323937319403,-0.16359866955274782,-5.267632406522191,2.2524268703981,-0.09147092925976708,2.9627969916862646,-6.976944120010705,-2.135605656220463,-3.0174903986610513,-7.775451242688732,8.884217288439462,0.0,0.40110945658844566,1.3327502513131266,2.6471870718931356,1.051890794677825,2.5000036885335026,5.771764207862422,-0.4692532909676923,-3.7452412768142187,-9.58978928408817,1.4672090132628899,4.42745618753448,4.245144392681449,0.038232850503364446,-1.5107355570192715,-0.48109930305382687,2.0356870729989645,-3.669899093074034,5.022170892105328,2.1656319104179453,1.8819106122579656,2.1155833240763995,5.226345174598223,-2.132090445845268,-0.6672354809572987,2.533914383441437,5.080076307886527
1.2765194587736461,-1.8615840462780868,1.7740469775101548,-3.5650119604469888,6.685635974314021,9.72901129344927,-3.9285565934409625,-1.9962693080673795,-4.784925495252915,2.3941231772077955,-2.82574462379901,1.0294472887058843,-1.2767478999889383,-3.6810193813442815,3.8088871649721447,7.5073128437145815,1.2559232549177333,1.734492599036562,-4.754816986291512,1.485386956090598,3.0819751175124797,-8.4010763461753,2.84380086242094,0.4381346927179015,-5.532985826712696,2.3849730289245246,-5.6760400928230945,-3.1048282550870434,-2.8877336833415677,-4.283777985730528,5.348567317904617,-3.8780497328670744,2.236111428441535,0.40110945658844566,0.0,-1.9683109700454997,-7.3895900595468795,0.269600847303999,-2.6141968645640663,1.494894472350845,5.234439647589711,-2.432994486626153,-2.430351401822209,3.449751831472769,1.60481889528931,7.523525736627619,4.034672508898627,8.177672049575563,-4.513792771494493,-1.6783578451539864,6.329537711189161,6.785059645951877,-1.847139079590133,3.5614749942972965,4.1023051527789285,6.061013824251013,7.0714602595078375,0.4614454597703528,5.184887838552784,2.372908804384622
-8.583991707790751,0.2105703942954671,0.5605338621462748,-1.2744178029274584,-5.87172384841054,5.344616628289459,-4.25073085374018,-5.085458477814442,-2.881295002145473,-0.6518634083574772,-2.0552849859121904,2.064511763978707,3.0446717578769693,-1.0858167992439007,-0.45444129186683835,-3.439327718346259,-7.3333991404392,0.48551753779151197,-4.395737480585441,2.034221112126623,4.9638967039782855,-2.5670670223693697,-8.413556755597966,-1.2895352266655178,-4.37745462817121,0.41663119800354753,-2.862236510107711,-2.6337478806180616,0.15435414421984284,-1.9100111534145854,-3.886517460234865,2.2221494039121366,-3.977729874411778,1.3327502513131266,-1.9683109700454997,0.0,-0.02841710114884055,0.8695786811412711,-0.5515310356642029,-4.82672581614484,2.2827212614263557,-4.7110955396536704,5.492522114585761,7.1443098522355495,0.9031553052656349,-8.067752625059025,6.6762539019284475,4.303392485308978,1.5296233515440676,-0.5856750634306183,-4.388241758471421,-3.5687876509889715,-0.855583426544225,0.3300383571624961,1.7854619853842815,1.8715771186336432,-1.0084937494677062,3.5342388964282687,-0.6646815472324197,0.4069037758116463
1.0098694209837564,3.6538423366782373,-4.357497883317145,1.656980051929077,-0.5789235523221841,4.045337862638951,0.45030416425456643,0.40688107111295135,-0.905284337969579,0.7214792735464615,-0.6632135973356017,2.405782894229678,1.8002230071120966,2.7965560684661925,-2.50848050054375,-1.0751382496518698,-3.8103393909800474,5.346304399878197,2.265498534195289,9.056363922410528,-0.6362285913051027,-3.1259316344842825,7.925065079450182,-2.4605186201265132,-0.3063123795916942,7.001022677092446,-0.9578238689777567,8.2898901081804,-0.47836946180347084,-6.563857252810214,-1.3520978423997434,-2.52623822885233,0.9186118385118505,2.6471870718931356,-7.3895900595468795,-0.02841710114884055,0.0,0.32378215942128197,-3.9523078026925496,-2.0223371805005184,3.4037633647905636,3.2211469800839287,-5.772008069623217,-2.1686693915889337,2.3223697758494612,3.83759356755714,-0.5573411657128533,2.102577467978633,-0.740192946741717,0.5324111393105984,-2.0633155081747887,1.1944370500250066,0.7056089664697738,0.643567364168697,0.1585726307745281,-4.582498661281205,7.700325209414569,1.6393836366285814,-2.5585698598243622,2.929416468093997
5.414436718271827,5.279975872982398,-0.8093579224517238,2.038851766948773,2.4663423029468206,-0.13162067590255955,6.5118357954043375,-2.7704426616364586,-1.0267414475122187,-3.730870348190314,-3.1665479451702216,-1.2647477398689508,4.451980692050289,7.263713256046092,-0.48119287969383784,-7.113553268147127,-0.31285279915340247,4.537652993750403,-4.241086042442712,1.5072678034032396,-4.512104020118479,0.3189829105489199,5.805441504134967,6.76745567423249,-2.438731375080833,2.076154488359099,-0.6169131136324673,-3.5150937051766773,0.18806296527005895,-6.9326502798536795,3.665585793853915,-5.893288466497181,-7.554647239356738,1.051890794677825,0.269600847303999,0.8695786811412711,0.32378215942128197,0.0,-0.5177553162580706,-4.422394558167838,5.880476622134875,2.9749326941106053,-0.5610715918245592,-0.7321149574188741,-0.993411340578505,5.881742800891217,-2.998751654338592,-3.5017677521300072,-8.582492475914949,3.0915608552952296,-5.373084522847792,-2.390633404255058,-6.477115927179097,-0.9637349636931658,1.5702868835681372,7.669850227671089,-4.116380333786671,-3.8655198129691946,-3.297795480664173,2.9805026859611123
3.3026354378563942,4.086388436350749,-0.9121559810082891,0.7819641977243252,4.391707051440096,0.5021122392536688,-3.362942094639284,-6.326326537950873,2.226676325946703,-3.1454346820049337,2.544833340936829,-2.0834498578412903,1.4480196511237549,-0.2911384872331926,3.4137274280445276,0.21142059046353623,5.413970788319477,-8.053873458265555,-0.8193001252553653,-0.8635531204134561,4.167237905667723,3.540366984976407,6.0921319793211275,2.5476510905353433,-3.290806309943836,5.485727009163899,7.693894134838306,-5.728119659583179,1.9369831654819132,-1.9864231919640183,3.6927142680586416,-3.709884221921086,-3.971342628643206,2.5000036885335026,-2.6141968645640663,-0.5515310356642029,-3.9523078026925496,-0.5177553162580706,0.0,-0.014845318814455943,6.809080835082402,2.6087960239533103,3.2777398846675085,5.947071001595769,-6.286439399120524,-4.925577565903294,-7.851204656149817,4.440886748243708,-0.8455562647505772,5.483795416528647,-5.975838212941889,-3.578180467009319,5.5052656746063855,-0.05549488893747956,0.06823017939678566,-8.314482845050032,-2.19011431575454,6.168688265817045,-0.1554448424344521,-3.569423300363191
-5.6959663865343115,2.114848995869698,-0.9712402772417081,1.6743003803973666,1.0699347313469403,-1.2173600127926463,0.9672685820248761,0.907440515158342,-3.114236689738096,-1.6850194125461737,5.9437587842610125,0.2363526025558853,-0.7900554438245067,5.711942312231103,0.2927513587673909,6.897588034355088,3.9748795496878007,-0.020984120324095912,-2.0091822797743006,0.9653106782115337,-0.9898993624649428,-4.35175707627498,-3.0472264947325316,-0.04498085288413556,-2.099525622317598,1.9744549529940212,-4.93710128986599,0.9869954232056593,-5.226334148336966,-3.0922887574493547,0.3327177142579112,-7.784377337822725,2.591556295982908,5.771764207862422,1.494894472350845,-4.82672581614484,-2.0223371805005184,-4.422394558167838,-0.014845318814455943,0.0,0.2594531240926816,4.7983396605760955,0.9470477975204776,-0.5105765421414166,2.913909470490373,2.0281589416128494,-7.491100323764051,6.4353472784632,1.8941682652191707,4.2355135469295435,8.072192441505484,-5.539862673707294,1.186677907146784,5.926418229128008,-1.8117777069184062,-2.0337743379828668,-1.6422293828669554,-1.6073012663876352,-5.8157925733009606,-2.2506905339345096
-6.814980696258454,3.5315428688055976,-6.297822809171431,5.334134904615095,0.06131055333250046,-3.364449689138274,-1.5896203337507142,2.011465943494583,-4.244734150706628,4.242449560839878,-1.7317388100222928,-4.310829913111939,-5.406740617161926,-0.9899579493631938,7.16166048735931,2.4580400553151325,-7.047758842951637,4.256644071973863,1.4918516321300181,-9.15500051139653,1.0517018324989023,3.767796518761367,-9.177048329293278,-3.7598808287072094,-7.583997836437414,-1.4219979632047481,-1.2694604942164465,3.170479201654606,-1.2099277825522483,4.5328732418763025,-3.5927801231460146,-1.949802456842031,-2.872493235536094,-0.4692532909676923,5.234439647589711,2.2827212614263557,3.4037633647905636,5.880476622134875,6.809080835082402,0.2594531240926816,0.0,0.5522100043831513,-0.7367310360615456,2.1247240266341274,-2.924267766433374,3.415933263422004,0.5538137418798668,-6.10816899488357,0.5126246563998613,7.860250341353346,-3.2446400698900626,5.113295668304723,-0.5534976463474788,-6.245319503341728,1.1843883365843917,4.050154535464401,-5.021462856291075,-1.8996275289878906,-4.226932115180341,7.634396381865572
-2.6713433974379575,-6.444015228313594,-2.824229037404467,-0.3250795062037133,4.716449777853059,-2.376948551610499,-5.081822002578336,7.782131766783474,-0.15230001372790225,2.2931864747045605,-1.1822084849409151,-2.1937462937402223,4.931874123195558,2.1848050070003704,-5.295425128554279,0.6324745010719282,0.5615976617293095,-6.804057230367601,0.7981598445940046,-0.31522063761712094,1.8589452699520619,-2.248127174345191,1.577314344496462,-5.864614228404846,5.305130843206127,-3.889777127234696,0.038374393008346885,-2.5546999795195915,6.675845768674568,-4.644240287175288,-5.828067679238133,-1.007671284644172,2.6690363921723117,-3.7452412768142187,-2.432994486626153,-4.7110955396536704,3.2211469800839287,2.9749326941106053,2.6087960239533103,4.7983396605760955,0.5522100043831513,0.0,-6.319322372375882,8.753480352516025,4.991562779777768,-0.615381950369219,-3.3692063010356126,2.2812987153728717,-0.7434061375955565,-4.218209171016438,-1.2338977164113598,-5.774231892926886,-1.410838944620541,-5.13925371703535,5.666323748432947,-0.00824506711136408,0.06948541718856438,-2.5508932550277645,-3.497884471399902,-3.418333857498056
-4.600446955849928,0.562669071697325,6.065051352641826,-0.7286446558657076,-0.0020164259573407506,-3.346540051628957,-2.636893952330908,-1.9145108277082699,7.464332687584372,-1.0212683037312673,-2.423788216313962,1.1905512974394963,-5.30952051907295,3.7786699193662345,1.2518626262432115,2.964698360301065,-3.2479849367717497,-6.8996814694391455,-3.274226505265349,5.253569821327717,0.5094754862900679,7.913410206997629,6.228468950441305,-1.9877403366144626,2.0742877221475924,2.615569462372344,4.614981405211894,6.490847459124124,3.708543958738569,-4.505992397858484,0.5642819566655568,-1.6747264860616378,0.6593757352890997,-9.58978928408817,-2.430351401822209,5.492522114585761,-5.772008069623217,-0.5610715918245592,3.2777398846675085,0.9470477975204776,-0.7367310360615456,-6.319322372375882,0.0,0.2785875704554419,-0.042690919020677676,-2.7907457115632806,-0.3890411345631133,4.45555703301547,4.339625849114158,0.41308940039130615,-3.3072179381930864,1.0029888231156074,0.2861609310282276,-3.4273971495711955,9.039906123254728,-6.977662672032835,1.131000647705008,3.468153423060757,3.784760397155499,0.5560832389807508
6.385854511140078,-0.7860123479104608,-8.555921980125358,-1.2733787832779937,-8.411513681306554,-7.979948018165776,1.361758164264712,-2.4869639165975137,2.2033126124516884,-1.044235848366255,3.2002460196755678,2.992749912799739,1.6547304119295445,2.064224030709133,1.98853961051746,2.17183761319063,-0.9726058513053761,7.818718286914189,1.3855610845861763,6.581698012645068,4.983436983555055,-1.9386281895243656,-3.0606139642189554,-3.6185908090821526,5.471225477846561,5.050561982184562,0.16431365760801597,1.290858238369084,1.250952143588091,-4.669156996719889,-4.278226482509952,4.067004275407596,4.778957499827403,1.4672090132628899,3.449751831472769,7.1443098522355495,-2.1686693915889337,-0.7321149574188741,5.947071001595769,-0.5105765421414166,2.1247240266341274,8.753480352516025,0.2785875704554419,0.0,-6.795944590060577,0.9839482978839689,2.923739525832314,8.13129892252764,-6.799335078850612,0.7504078725062193,0.48900959603361205,0.1779147538673902,-0.16790598698854176,-1.0636551932924663,1.484921021210913,4.251080931753358,4.927046967439168,-1.0957648070784192,0.26844105077580016,2.205097367580711
5.417500240752183,-4.570227037439296,-0.2909051378219498,-5.807630423501276,1.1806744559548763,1.6271433417490226,4.788724093235751,3.9955439204160186,-1.0824395709897776,-2.8216662944447126,-4.656354575732113,-0.9305999425253528,-4.778200073081678,4.557917020215118,-1.5457891445916676,-2.5883606705817086,-0.9508420049300392,1.7030007883186826,-4.630577865269891,-1.3591135677169977,4.801833522289711,0.38040503503115985,5.765103823033478,5.112411127889798,0.9384561151318325,-4.75156900873395,-5.525548434285476,-0.7238607561396599,5.922337234203674,-4.823311389339755,0.6033749947496077,5.906614513034291,0.7460462162174357,4.42745618753448,1.60481889528931,0.9031553052656349,2.3223697758494612,-0.993411340578505,-6.286439399120524,2.913909470490373,-2.924267766433374,4.991562779777768,-0.042690919020677676,-6.795944590060577,0.0,6.895274132262792,-3.284037496889651,6.550000332246474,1.5275472533641237,0.6195729723057273,4.3937456874769705,-1.6996589747502533,-0.4235595651210211,5.04572122733331,-5.227759509391002,1.0760617801818526,6.841323268614987,-1.755042915427948,2.6652191551576667,-1.686685868394592
2.368027319420144,2.9868408101704613,-1.5515383310833526,1.881536413784663,-2.045140329250902,-2.933903953498586,4.764074924393861,-2.875350693247025,-7.299373744021307,5.480550656450409,0.6404908355153793,5.337135256415957,1.843686891527045,-0.38998211764924173,-3.5118620208851272,3.4112185057694417,-0.44911428799619735,-0.7892096669357835,-2.0170200253486046,-5.926557605574936,-1.7325888566426184,-0.8383195686078668,2.1850872697347965,6.0890981038985865,3.4094407554095643,0.05959494777236163,6.551325053784337,-2.0988635803446307,1.5646121058346507,-2.103475226574581,8.165352893879449,1.9036628383316172,-5.939895482372097,4.245144392681449,7.523525736627619,-8.067752625059025,3.83759356755714,5.881742800891217,-4.925577565903294,2.0281589416128494,3.415933263422004,-0.615381950369219,-2.7907457115632806,0.9839482978839689,6.895274132262792,0.0,2.1449374492076148,3.573445145114479,2.5179984967547924,-0.0752987149669857,0.09045928912681589,-5.365740781608784,-1.2716506455475045,0.03942919769908837,-2.325843944286757,2.3879385922985525,-2.367857173901819,0.5416830421269023,-2.005598763635318,2.56336019947976
-3.03838022118508,2.409878267787712,-5.886813957161282,-2.9142741147824833,2.831911499402576,2.9052432883597312,0.26763115015083905,-1.400160697363956,3.6630026420235327,-1.5453579883177655,-7.160121991493271,-0.3842898640086343,7.118232231923171,1.6609484154099299,-6.284691677144831,-7.389329701590802,1.0907721636191816,1.4557663773178282,4.780123533463735,-0.7646422700898547,-1.5941871270024226,4.739903053744377,-0.2627980524614646,-5.526060266453837,-1.3782832184025677,0.6053423851483251,-0.5596867565227432,2.2323574548767486,-5.996257501102981,3.437021498311177,-3.5045976846303457,-2.284020500027932,1.6809191985076009,0.038232850503364446,4.034672508898627,6.6762539019284475,-0.5573411657128533,-2.998751654338592,-7.851204656149817,-7.491100323764051,0.5538137418798668,-3.3692063010356126,-0.3890411345631133,2.923739525832314,-3.284037496889651,2.1449374492076148,0.0,-2.607772804378744,0.5303880639983731,8.208901314612117,-2.658745276044293,0.7495336575266496,-1.324970632027882,4.858811796969048,4.795815897206458,5.935645360012228,5.16278295220464,-0.04265192944183038,1.878548557406151,6.2087295102404205
2.444833406869326,6.539995518922283,-4.2800214171602455,0.5439417039069205,-7.370218012991598,-2.3019085952443374,-5.817136993424331,-0.1984372616566752,5.633322206517469,-3.027104565593579,2.0922582780803394,-4.85048354885812,1.2126027695902248,-4.154827371137069,3.368149940281068,-2.9617387695030617,8.17523057532903,-8.92325125967906,-1.9018705309289046,-7.623333360981196,-6.549601655745626,-4.949228411524746,-2.010373592839711,3.948428359014841,3.071102670167198,-2.3610725527636025,0.4350848226667825,-5.669641185298701,-2.3861969240150627,-1.3705892360756824,-5.4720706398251195,1.9254542264235202,0.8574413051547181,-1.5107355570192715,8.177672049575563,4.303392485308978,2.102577467978633,-3.5017677521300072,4.440886748243708,6.4353472784632,-6.10816899488357,2.2812987153728717,4.45555703301547,8.13129892252764,6.550000332246474,3.573445145114479,-2.607772804378744,0.0,0.8174489916802621,-1.0310269776381578,-5.99719267286209,-4.349616557698393,-0.6908520453242595,-3.129071024172177,9.235286297087473,4.260564087152662,3.7589426097471,4.957254385105108,-7.227589484041514,-4.294741280056324
-2.152817262072624,-3.956844919854996,-4.121346254373313,7.226004586638373,-9.938476376504582,3.5798207095603845,4.698518888580341,-3.3636788034956266,0.01824842153567996,-3.136863062788099,-0.5862912952280022,6.223508497160383,0.15601048986576593,-0.862035566342231,0.13989346792968416,0.722414318860161,3.275901569434466,0.8998418548422205,-3.626987154439799,2.3151297007178213,0.10605538775686796,-1.240462527104711,7.449923795103144,-1.5001378944593888,-6.074651103938295,-2.593433482006315,0.11954464153509026,4.267959690299662,-6.926557264072378,-1.2212884360784857,-1.6609114639295255,-2.9021401435291843,8.426406820466148,-0.48109930305382687,-4.513792771494493,1.5296233515440676,-0.740192946741717,-8.582492475914949,-0.8455562647505772,1.8941682652191707,0.5126246563998613,-0.7434061375955565,4.339625849114158,-6.799335078850612,1.5275472533641237,2.5179984967547924,0.5303880639983731,0.8174489916802621,0.0,-1.4802851289900678,5.299005783483979,-1.4802030697304671,3.13705682762462,-3.891717824973166,0.06521327291806456,-0.6644241373469226,2.2637989739411477,-0.03818074533710902,-2.752799771004904,-5.724921633709014
1.5070591239564068,3.89035972637145,1.6008631477408568,-2.49005248823081,-2.57661014803365,4.054634092454075,-1.8066602034639052,0.7725684102074597,-1.4784384371545283,1.8168350407802238,-0.2003941568363219,-6.361078506137797,6.126798353820806,-2.831776858491126,3.9132850754412374,-0.4612751909716404,-4.0846412226558835,-4.860577935348047,-1.1369527235191894,2.2752150246264042,3.1902500905684086,6.177139455153213,2.4853697051460406,-2.8511647829970714,1.9876381278864885,1.1838450405125611,4.91234086703733,1.3084010352643776,0.8349767809777036,4.8282918898092415,-2.2914236514269706,-3.0410783621903885,-1.5255553846432566,2.0356870729989645,-1.6783578451539864,-0.5856750634306183,0.5324111393105984,3.0915608552952296,5.483795416528647,4.2355135469295435,7.860250341353346,-4.218209171016438,0.41308940039130615,0.7504078725062193,0.6195729723057273,-0.0752987149669857,8.208901314612117,-1.0310269776381578,-1.4802851289900678,0.0,-5.479049488081961,1.0716973835073693,-4.350286942789604,0.05362236606311743,5.447753341778354,-3.3613710655191325,-4.8294905750591335,5.427485409610473,1.492577165529899,-2.0023847691708836
1.702692735221997,-4.457496208408034,1.978114669729158,4.324251051715028,-1.3873097187728956,-3.555828367118414,-0.2411438016766274,-2.2606313205183475,-0.7776483575644821,0.9440304560397861,1.4552419532013774,-2.094342539371529,0.8753362506708511,0.1722436900856028,1.4875361560322977,-1.6875061442089887,-4.562102344598796,-3.538644591017249,2.446600667822794,5.738396285238571,1.3969208948060539,3.0000195358466284,0.489064653257568,3.3983642417700715,-2.933730180796152,3.7770627771938665,-1.8847061446291136,0.3577928460270705,6.097820427231931,-7.4489166453057765,-4.566178026121849,-0.44119891929037536,1.9686894873066954,-3.669899093074034,6.329537711189161,-4.388241758471421,-2.0633155081747887,-5.373084522847792,-5.975838212941889,8.072192441505484,-3.2446400698900626,-1.2338977164113598,-3.3072179381930864,0.48900959603361205,4.3937456874769705,0.09045928912681589,-2.658745276044293,-5.99719267286209,5.299005783483979,-5.479049488081961,0.0,5.535535805611138,0.5121277430716136,2.2702144088888905,4.900652765758748,-2.1397157315436948,2.373558566768817,-0.07160234491144557,-2.575492609197921,-4.112408020537792
4.980071600479205,1.6595487406086527,-2.416326601931395,4.150119410497621,1.9152413052146526,-4.568788000587862,-3.541948134604275,-3.470834835361789,2.2752735784397142,1.799506641560086,-0.14413431825135348,-5.003199748379018,-1.9690723478132646,3.8000286480985563,0.2641618931345162,0.6813873390698157,-2.8807829234832916,-0.09760559393798562,9.104347241177292,3.948107433199471,0.8787758119575719,3.281099000991265,4.787099792192009,3.144400605853712,2.5851700971104457,6.900823437856376,-5.980033334576952,-2.978201282988643,-4.802332293100522,1.8963638691427271,0.4553555831897018,-3.4319806942668865,0.4984725581828622,5.022170892105328,6.785059645951877,-3.5687876509889715,1.1944370500250066,-2.390633404255058,-3.578180467009319,-5.539862673707294,5.113295668304723,-5.774231892926886,1.0029888231156074,0.1779147538673902,-1.6996589747502533,-5.365740781608784,0.7495336575266496,-4.349616557698393,-1.4802030697304671,1.0716973835073693,5.535535805611138,0.0,-2.442305043078891,-3.312126538382162,-5.038850524606136,1.1818991293928889,-1.5830168860590712,-5.283012596133634,0.36649327660762143,2.6988075592577694
2.8919527511521785,-0.7952671440466128,-3.0033377575819364,2.389255077897455,6.7661593883612134,-0.5021001994619532,-5.710729842173684,1.5651799914250022,-3.3308040131325067,0.3751189969764597,6.08295815423259,4.569086201711268,0.6758118225678689,-5.854272472407637,2.9904613654021475,-0.7240829848767136,6.503198790465504,-7.701201690940734,-1.0220905310893968,-6.5326106267177,0.3873474213705017,0.5758351976514398,4.576572951711171,0.6168046859435341,-1.7890599875784985,-4.650983729278876,-5.643878214103526,-5.152789776465539,6.449141768832014,-2.6080280229028334,-5.491673786999543,4.69044270597429,2.472854039028986,2.1656319104179453,-1.847139079590133,-0.855583426544225,0.7056089664697738,-6.477115927179097,5.5052656746063855,1.186677907146784,-0.5534976463474788,-1.410838944620541,0.2861609310282276,-0.16790598698854176,-0.4235595651210211,-1.2716506455475045,-1.324970632027882,-0.6908520453242595,3.13705682762462,-4.350286942789604,0.5121277430716136,-2.442305043078891,0.0,2.286083719166186,-0.7463143759004138,3.55175101316609,3.9976934154643082,-4.401047994607957,4.704750289289073,4.042095984758876
-1.7697001686426463,-7.46463598952818,-1.8561444220043768,6.3632082894641355,-7.584882308111581,0.8957636153318278,2.73099451200427,0.4088782746320865,-0.020010600604551065,-1.3622862448717292,1.86964950233408,-0.7236733183859734,-4.949434118389829,1.0639527529298531,-3.3483623435761105,-2.50700947149012,1.4230567942936885,8.729770111558684,2.2517531028071964,0.5825481820004352,-8.7169210606393,2.4356771762460916,-5.466205260852778,-4.692114892250496,-3.6777526308523387,-0.2984928889802698,-3.5457232341184755,-4.895377501955642,6.5749196524479245,4.539150377110626,-5.698136948778763,-4.2795240441404845,5.247503418288382,1.8819106122579656,3.5614749942972965,0.3300383571624961,0.643567364168697,-0.9637349636931658,-0.05549488893747956,5.926418229128008,-6.245319503341728,-5.13925371703535,-3.4273971495711955,-1.0636551932924663,5.04572122733331,0.03942919769908837,4.858811796969048,-3.129071024172177,-3.891717824973166,0.05362236606311743,2.2702144088888905,-3.312126538382162,2.286083719166186,0.0,3.2616914885739163,-2.9818711464478245,-2.065568385502486,-3.5294069052454504,-8.140842964663985,-6.629227022618515
-6.017977384145166,0.45041157896038486,-2.1200871958646728,2.9970440963271967,4.428134184473762,-3.7809507828114075,5.620052534971419,-1.253735462191182,0.24916611036378322,-0.4179604805902759,6.054791108098483,3.252617149103557,-2.9111350844799615,0.6922249037243087,-2.035847747655054,4.418807995854248,-2.203801813211074,-4.443254718730261,-2.0058161834121107,2.432586667284517,-0.5952003033651265,4.898130485215328,-3.4227352121844996,-3.637369496066196,-0.3821806681094131,-3.5510661252546414,1.8747653555405033,2.5202352365002794,-0.5789075488046658,2.162816173205967,-0.43884096085938396,-6.138988427181479,2.2148770845828265,2.1155833240763995,4.1023051527789285,1.7854619853842815,0.1585726307745281,1.5702868835681372,0.06823017939678566,-1.8117777069184062,1.1843883365843917,5.666323748432947,9.039906123254728,1.484921021210913,-5.227759509391002,-2.325843944286757,4.795815897206458,9.235286297087473,0.06521327291806456,5.447753341778354,4.900652765758748,-5.038850524606136,-0.7463143759004138,3.2616914885739163,0.0,0.7424344388487842,-7.128567314087106,4.2475879764615465,-2.9564438651461256,0.7662187636947562
-2.2322505578383702,5.735515824867864,-4.3979430951382295,-3.6582433574835544,2.5118174203066577,-1.1788355371337218,1.3222315218282876,1.2733291484040263,0.18075823145627723,-1.5405361975551966,-3.6721330417382867,8.384066091275557,1.2132102826743703,-2.175015941644828,-5.54317044132675,1.342059276680045,1.0072523235670188,0.03548101086102218,2.81841317746656,-4.593853150396448,-6.031273764284112,-8.146884058816049,-0.8862794970822652,-2.991430885727749,-4.236791937256085,0.5788084923042751,1.7958466477464299,7.250449678893217,0.7601403284956865,3.053733227100569,3.375840631340651,-1.4124746016991034,-0.10938191351522608,5.226345174598223,6.061013824251013,1.8715771186336432,-4.582498661281205,7.669850227671089,-8.314482845050032,-2.0337743379828668,4.050154535464401,-0.00824506711136408,-6.977662672032835,4.251080931753358,1.0760617801818526,2.3879385922985525,5.935645360012228,4.260564087152662,-0.6644241373469226,-3.3613710655191325,-2.1397157315436948,1.1818991293928889,3.55175101316609,-2.9818711464478245,0.7424344388487842,0.0,3.5502270673496508,-1.5084315096547267,2.49626142909082,0.5466195382910248
-1.5848037604874765,4.756123325281308,1.790853308851652,5.080218684492831,5.623023530349322,7.750393769316425,-6.0838795513385815,0.9617527109316115,-0.8004951085450935,4.751201281703592,-1.7855071185187095,0.09190340560869892,2.165034478443092,2.0598942673494465,2.7130060202102335,-0.6083381793123595,1.8260271325814124,-5.687940524934347,0.7591221130482628,1.6686663154662549,-0.49296583180260534,-2.093947086107274,3.4356436100961503,2.589113969323754,-8.043680412961207,7.012828493561159,1.5163413344392476,-1.6177564800503448,-0.4720854244469228,4.857717068693356,2.381449201378671,-4.07304277038569,3.294838412361875,-2.132090445845268,7.0714602595078375,-1.0084937494677062,7.700325209414569,-4.116380333786671,-2.19011431575454,-1.6422293828669554,-5.021462856291075,0.06948541718856438,1.131000647705008,4.927046967439168,6.841323268614987,-2.367857173901819,5.16278295220464,3.7589426097471,2.2637989739411477,-4.8294905750591335,2.373558566768817,-1.5830168860590712,3.9976934154643082,-2.065568385502486,-7.128567314087106,3.5502270673496508,0.0,7.9896580682128615,1.096461928591256,-7.459819404599968
0.3137832746857834,-0.6655173457026997,0.6208624680581316,3.9693641192163565,-0.2958433606545805,3.4050822885607843,-3.770042792858538,4.0629143455907535,-1.5548151215358255,0.20973036254669086,0.8882822016667049,-2.918951238394368,-2.515543602489993,4.179819958520172,2.6177745634652574,-2.1517825414936267,-0.11477268981691058,2.948734428700562,2.4015411498645305,1.7884480797236773,0.5456277177538151,-3.30521430326992,0.8064465688035334,-3.7776206057868533,-6.508933645766586,-6.538591583012796,-3.720000139847972,0.5384293910805518,1.3071912189108796,-2.8171035970446323,0.2515293216004153,4.616885295028306,0.34245170939880865,-0.6672354809572987,0.4614454597703528,3.5342388964282687,1.6393836366285814,-3.8655198129691946,6.168688265817045,-1.6073012663876352,-1.8996275289878906,-2.5508932550277645,3.468153423060757,-1.0957648070784192,-1.755042915427948,0.5416830421269023,-0.04265192944183038,4.957254385105108,-0.03818074533710902,5.427485409610473,-0.07160234491144557,-5.283012596133634,-4.401047994607957,-3.5294069052454504,4.2475879764615465,-1.5084315096547267,7.9896580682128615,0.0,-0.5706831227058844,1.6901519265955867
0.9689057318471255,-0.5753950978879354,-3.25434470362503,3.9524099530757946,1.072540753213734,-5.049933717527675,4.915460281013448,-5.610826004757758,-1.8559084073972656,-1.9514294922359605,-2.415867304260419,1.143916283440428,0.7583806350233568,2.5717715951847264,0.4692096046322942,3.9108388362178292,0.11883592270861065,-3.031116494684609,4.331054369270224,1.6118479435408934,-2.8268517834099365,2.835243022596001,6.482436886351067,-0.29279048726411894,-8.93631619476082,3.2208233855274155,-5.951792164368199,2.6703274220274844,0.34135476536449616,5.211316633821214,3.3249309679154653,-3.1836585034024196,3.9397014827415733,2.533914383441437,5.184887838552784,-0.6646815472324197,-2.5585698598243622,-3.297795480664173,-0.1554448424344521,-5.8157925733009606,-4.226932115180341,-3.497884471399902,3.784760397155499,0.26844105077580016,2.6652191551576667,-2.005598763635318,1.878548557406151,-7.227589484041514,-2.752799771004904,1.492577165529899,-2.575492609197921,0.36649327660762143,4.704750289289073,-8.140842964663985,-2.9564438651461256,2.49626142909082,1.096461928591256,-0.5706831227058844,0.0,8.464796062615054
-2.752903450755886,-5.520923367079086,-2.1986492018505994,5.692333042331168,-3.6414454119198103,-0.6766355173898226,-0.5663855694352313,-1.1653121924703593,-4.236056626682358,-5.87764358125314,2.6462129164938206,5.440048039628212,-2.156274345165637,7.57676436422677,-7.219872860310388,4.428247658011517,1.319725372494851,-7.720887709050651,-0.08965111747992882,-0.2707848610009371,-5.177821200255026,2.717272476985658,1.0133496656844851,1.5764902650010981,-0.275249361042988,-0.613951417561422,3.661703734835763,-7.508465179024576,1.4455881608121404,-4.145124786726395,2.466889593415007,3.9846719049181276,7.734141811738201,5.080076307886527,2.372908804384622,0.4069037758116463,2.929416468093997,2.9805026859611123,-3.569423300363191,-2.2506905339345096,7.634396381865572,-3.418333857498056,0.5560832389807508,2.205097367580711,-1.686685868394592,2.56336019947976,6.2087295102404205,-4.294741280056324,-5.724921633709014,-2.0023847691708836,-4.112408020537792,2.6988075592577694,4.042095984758876,-6.629227022618515,0.7662187636947562,0.5466195382910248,-7.459819404599968,1.6901519265955867,8.464796062615054,0.0
