3,21,75,84,23,23,86,34,17,72,99,66,23,60,45,52,52,33,42,86,99,52,18,61,50,25,87,54,79,40,32,76,20,13,77,100,41,53,20,36,68,60,84,83,11,29,15,66,11,30,61,78,84,62,29,60,99,41,100,27,59,87,41,71,30,64,75,13,90,69,45,49,29,22,46,34,60,25,49,57
5,81,6,69,40,53,56,92,89,79,59,19,46,94,82,63,31,55,21,86,3,68,27,55,99,72,27,89,22,48,12,31,25,93,22,34,79,4,31,20,69,73,47,14,52,51,66,17,13,70,18,80,96,66,61,60,26,42,89,73,54,23,64,33,10,44,91,28,18,41,46,44,36,35,41,50,94,84,2,63
25,14,97,34,18,14,8,12,12,10,8,25,48,48,41,28,52,97,58,40,10,59,67,3,28,73,56,42,6,53,43,23,97,98,97,99,55,46,46,49,49,70,95,53,8,23,38,69,81,38,84,18,50,82,98,36,12,32,92,5,83,88,94,70,5,34,63,35,24,70,93,7,42,95,4,24,61,9,73,94
29,10,14,65,42,70,64,56,86,21,44,11,91,76,75,58,48,54,16,39,50,79,66,60,14,40,60,6,22,96,9,55,65,10,27,31,30,86,53,47,63,19,17,86,37,74,65,33,57,97,87,14,95,70,39,1,44,54,32,45,69,100,30,6,74,2,39,16,97,96,34,33,79,23,77,80,22,65,66,66
7,22,50,31,42,69,29,81,29,42,79,93,61,29,77,32,64,64,32,39,90,82,17,68,24,22,27,72,30,8,45,83,76,93,23,41,75,10,6,20,86,35,61,69,67,31,1,56,64,84,63,85,82,86,64,47,66,98,18,21,14,87,71,30,38,60,72,73,18,32,42,51,14,26,70,56,72,33,14,63
6,62,30,42,31,87,59,45,16,22,81,42,91,68,8,80,33,56,96,74,66,6,80,80,36,100,19,57,21,79,61,95,66,62,11,73,42,62,43,29,9,39,46,54,84,92,42,79,4,97,79,21,48,83,29,75,42,34,82,86,10,92,75,82,77,36,92,54,89,7,61,8,3,94,22,23,73,98,81,26
14,6,44,79,64,22,59,26,93,67,16,1,89,88,1,32,51,5,89,16,17,38,5,98,38,73,61,67,6,78,37,93,21,59,25,75,94,94,85,96,92,56,89,27,47,47,9,8,63,56,29,29,58,88,21,6,46,48,58,89,68,55,99,23,57,70,97,68,98,89,16,2,8,98,27,12,93,96,18,17
83,61,31,82,29,96,12,63,3,74,83,54,19,4,78,85,78,78,26,78,35,58,50,51,44,21,89,53,17,41,90,75,16,64,10,90,82,25,24,25,24,37,89,67,95,42,39,59,86,91,32,22,14,74,94,53,2,15,95,85,48,9,29,17,31,19,68,27,79,40,99,47,66,64,67,85,17,15,55,9
92,25,18,84,19,38,4,36,66,39,97,13,89,94,56,21,13,7,35,34,44,71,45,94,92,98,53,100,79,52,14,11,63,69,100,57,60,27,25,64,75,4,2,25,2,82,18,37,12,91,53,98,70,56,75,81,14,28,58,93,11,48,12,26,34,59,43,21,82,13,51,82,59,71,98,86,63,68,2,61
44,35,88,14,34,39,12,65,31,64,19,80,46,11,61,41,83,23,93,83,14,44,90,41,22,76,44,45,49,92,82,32,61,25,14,6,89,14,83,26,96,54,21,1,25,9,20,40,6,14,4,94,5,81,55,83,71,56,34,6,38,23,47,90,40,21,87,17,12,70,14,19,61,30,100,62,100,90,25,36
54,9,95,8,76,53,36,37,82,55,20,87,56,84,41,16,79,43,1,93,89,94,98,74,85,79,8,92,78,91,49,46,53,71,76,37,43,38,84,70,38,59,26,68,59,91,7,62,82,70,88,79,58,64,56,67,15,30,9,89,47,16,58,51,37,65,18,17,71,95,72,31,92,12,52,87,58,14,27,57
37,97,70,3,100,58,16,53,34,63,42,11,7,79,82,70,99,36,81,58,61,96,25,14,81,14,27,95,56,89,3,89,47,80,25,39,41,39,54,26,56,1,48,83,82,47,54,4,29,56,82,69,34,36,56,15,61,68,87,12,99,48,66,28,17,82,46,47,26,97,56,69,62,27,91,39,50,71,8,8
70,3,13,61,87,78,41,91,9,24,25,79,40,55,81,28,41,93,1,58,65,71,79,95,59,40,10,73,23,65,84,2,39,63,68,43,42,18,49,52,82,30,72,39,78,14,30,46,34,94,8,75,93,22,51,10,89,41,97,10,87,52,28,9,52,55,34,42,57,82,86,100,96,21,76,24,26,6,59,56
46,19,34,60,51,10,73,30,1,46,97,27,38,99,57,40,11,52,48,63,18,14,97,100,20,20,90,27,76,8,83,28,25,77,1,16,63,18,53,59,85,59,16,48,22,16,50,49,86,31,58,52,97,3,83,18,10,20,55,32,76,44,34,51,94,37,66,63,57,14,59,44,80,4,50,6,51,1,9,93
61,31,87,47,33,21,58,68,7,51,39,62,44,86,59,40,64,88,12,69,68,21,42,59,96,53,87,48,34,84,90,83,59,43,15,4,30,16,1,23,9,35,49,44,92,81,48,99,57,62,41,63,33,1,48,45,80,29,37,79,35,33,100,100,6,98,85,45,11,81,17,94,45,55,34,88,13,100,75,73
66,21,85,10,20,23,21,99,22,66,73,41,88,37,99,92,5,69,58,42,47,63,59,14,11,9,63,27,34,65,63,98,56,27,41,94,6,16,68,44,32,26,74,95,17,82,64,97,29,90,66,73,85,58,66,92,47,41,65,43,68,81,54,66,95,30,91,36,68,13,92,9,76,46,39,17,98,16,65,71
10,24,5,22,72,63,7,5,41,93,48,42,37,82,44,12,17,37,28,21,15,73,89,35,19,29,80,24,90,25,19,52,17,57,15,62,95,31,6,18,3,95,44,93,100,82,1,33,37,33,60,14,9,63,5,55,87,1,25,38,21,40,85,35,77,17,70,89,22,51,48,13,33,40,4,46,16,53,31,98
33,90,36,79,92,24,55,67,86,12,92,64,74,32,77,11,76,47,65,51,10,75,49,74,33,49,39,33,57,9,55,65,37,73,81,24,15,54,80,51,22,15,45,6,24,30,99,10,63,81,81,66,38,28,6,8,42,40,61,54,6,7,57,78,35,83,42,92,80,40,78,80,77,11,1,31,37,55,54,73
37,21,41,80,3,7,57,73,1,25,25,3,61,34,12,52,99,25,63,46,95,100,51,74,28,8,33,13,10,26,72,74,78,24,85,88,7,12,68,1,24,40,65,75,32,23,93,70,10,69,35,70,99,2,12,99,97,10,30,100,65,40,34,10,27,54,75,92,7,51,48,46,58,57,73,89,84,54,1,23
30,8,60,90,86,95,3,18,26,66,26,4,17,11,84,94,35,38,85,35,92,63,4,100,11,12,11,16,94,17,41,80,80,26,1,70,10,4,88,76,73,34,20,98,71,90,71,8,62,2,70,78,21,65,20,92,1,47,87,51,63,62,76,52,54,55,70,70,85,92,28,24,91,20,92,55,5,75,48,78
83,31,22,80,96,42,95,82,1,85,32,20,91,3,32,46,74,31,1,30,36,79,9,31,30,45,99,72,20,94,93,88,51,17,35,2,23,23,16,83,67,13,98,69,31,65,74,58,43,1,92,31,7,46,78,10,19,29,8,41,65,28,27,77,40,34,31,61,32,66,74,4,1,68,44,69,70,61,16,58
3,45,41,59,9,92,62,95,8,6,55,12,94,71,19,75,33,79,83,27,75,69,68,90,89,47,34,44,16,5,35,69,76,84,48,90,18,76,15,49,7,37,58,71,76,79,28,31,15,22,47,60,74,82,78,51,58,59,10,33,23,52,84,83,5,46,48,65,1,97,13,50,53,95,23,18,37,98,32,10
68,34,87,90,63,75,99,11,12,61,89,11,73,40,58,100,2,35,97,94,13,54,39,73,56,19,56,67,51,55,95,37,83,99,49,2,12,87,26,78,2,15,55,45,6,65,72,77,29,67,50,69,71,17,42,21,63,27,95,57,45,77,76,79,8,29,13,68,5,63,41,74,87,29,71,27,93,57,85,83
61,86,57,31,4,26,27,92,16,35,33,2,44,58,12,69,20,80,97,6,33,93,1,97,62,46,20,40,97,93,20,74,25,34,14,15,99,53,80,19,90,17,75,72,9,6,47,52,2,41,5,99,14,39,57,20,80,57,31,28,96,1,50,20,19,75,78,61,95,98,54,20,25,67,93,78,31,89,62,96
20,21,85,45,55,53,98,11,98,79,73,40,69,71,29,15,87,64,49,76,54,71,52,55,94,55,39,62,11,10,29,92,44,73,42,81,58,16,92,37,22,40,42,67,72,98,25,80,32,48,24,48,2,43,76,14,59,30,78,17,79,64,86,90,87,82,26,10,93,82,39,45,87,21,39,36,40,42,14,80
78,99,49,67,37,97,55,77,89,8,60,31,95,36,64,32,5,58,29,98,33,93,1,25,65,21,24,81,69,28,4,47,99,32,97,99,82,62,89,45,39,50,86,42,29,71,39,12,51,42,11,57,67,68,89,62,50,39,85,24,16,1,12,58,78,98,20,35,24,44,68,38,12,48,93,20,61,12,6,38
95,38,50,56,57,19,36,59,64,62,88,2,13,6,63,20,25,72,76,23,44,68,68,44,12,54,21,96,33,2,85,7,98,89,59,68,17,76,60,5,88,98,12,47,15,75,56,71,65,3,94,85,37,73,65,60,65,69,59,54,13,6,27,3,75,89,100,77,90,4,77,45,19,8,59,76,5,57,93,99
36,57,82,88,66,5,41,70,86,35,76,78,74,30,51,57,59,72,69,68,31,71,95,83,98,32,63,52,24,70,21,36,95,11,90,11,27,23,60,78,65,20,71,72,43,66,70,80,86,7,72,62,31,3,17,28,30,98,9,10,41,68,30,34,98,40,96,54,88,44,26,87,59,35,16,32,60,68,6,10
24,26,26,41,55,76,78,20,43,46,57,20,68,81,55,23,61,7,59,84,30,63,81,95,55,75,5,97,7,67,93,28,91,91,24,23,50,18,20,9,93,47,97,2,92,11,33,55,57,19,24,7,66,68,14,60,86,49,46,4,96,56,35,38,80,17,63,39,88,46,62,19,12,83,50,97,62,63,84,42
12,18,82,100,75,46,84,38,56,64,22,86,61,37,47,97,37,83,62,11,63,96,32,73,100,20,4,50,14,11,35,25,85,10,10,71,82,16,32,37,59,29,80,60,56,59,78,13,38,55,73,49,78,99,93,80,45,15,67,23,13,7,56,78,28,70,51,35,47,76,25,42,73,79,65,60,58,49,87,9
17,28,76,76,78,14,81,47,80,26,73,96,69,43,19,93,12,55,13,63,1,23,85,30,93,77,8,76,42,89,6,25,56,59,47,39,51,70,96,7,81,47,38,51,100,40,8,16,48,36,52,27,97,37,9,32,7,26,29,7,55,80,98,13,18,18,74,85,36,54,92,7,26,25,26,78,59,39,24,64
16,54,49,40,53,18,95,66,35,5,77,83,59,44,87,56,96,69,77,29,25,37,74,67,4,16,64,72,66,97,43,100,91,90,14,46,98,5,22,14,45,44,86,55,36,94,69,6,81,94,91,100,19,87,75,12,62,83,3,77,87,72,85,98,50,16,44,6,47,76,62,43,84,67,58,92,36,24,90,94
11,75,23,44,88,96,54,40,40,96,22,5,27,89,20,6,21,60,91,29,74,55,43,7,65,25,26,27,11,85,74,40,87,93,40,31,26,39,61,23,76,9,38,9,12,41,80,30,98,79,71,83,23,30,54,72,41,63,40,10,77,61,12,46,38,76,62,44,57,30,8,43,59,78,40,79,62,57,96,80
47,50,91,90,37,13,20,25,29,74,62,93,2,78,52,58,89,58,83,83,54,46,48,50,88,68,90,30,75,45,2,99,36,30,47,77,97,25,2,99,31,52,60,59,15,72,43,31,12,51,67,54,55,90,63,35,36,52,41,13,4,70,96,89,24,24,84,15,81,13,27,84,1,12,63,43,94,76,44,76
87,87,82,17,92,47,16,12,26,100,23,73,84,80,69,53,77,70,40,69,22,91,10,21,100,65,39,66,98,45,5,97,94,99,40,61,97,93,79,22,75,18,54,36,5,22,17,55,89,50,93,1,31,13,59,21,69,69,99,61,51,99,95,62,81,77,47,87,67,11,61,32,95,40,67,83,15,12,5,50
29,98,44,88,29,69,58,6,34,64,16,44,36,12,32,79,61,45,70,92,60,98,60,11,85,21,96,44,50,82,84,8,71,86,32,22,78,74,94,45,34,50,50,53,51,38,26,56,71,1,48,81,58,23,67,44,17,36,50,18,11,59,38,92,78,71,78,91,20,89,2,28,7,74,44,84,96,47,94,29
52,76,29,38,37,94,28,29,27,22,49,89,83,92,81,46,92,33,68,54,88,68,97,29,46,64,39,41,49,59,90,15,84,36,72,10,1,35,89,94,26,60,56,9,90,4,68,46,11,72,7,88,19,96,36,85,28,74,36,70,80,64,87,1,46,40,89,100,41,59,52,85,17,80,52,8,100,65,22,87
41,84,34,78,38,50,99,90,5,86,35,75,47,55,76,57,72,42,9,40,71,80,95,40,78,81,81,27,10,63,10,51,29,90,43,80,64,95,10,12,17,19,91,28,55,24,7,34,29,32,91,62,92,63,8,61,64,71,91,100,47,92,62,74,88,6,83,77,80,16,22,47,31,23,43,72,10,4,18,66
27,31,56,27,62,89,43,37,8,11,57,14,89,88,48,12,53,6,5,40,64,38,59,67,56,85,53,48,6,33,87,13,19,56,54,17,12,79,65,91,36,84,100,15,82,86,8,56,20,95,64,35,19,62,74,15,67,40,99,55,91,26,27,40,81,63,9,92,9,4,100,58,45,36,17,11,44,38,32,97
68,31,88,99,86,84,1,15,4,61,41,28,63,83,64,80,81,36,77,47,11,20,44,52,33,51,17,32,92,92,62,51,23,2,55,38,59,16,64,9,71,95,1,65,14,95,76,63,65,24,46,8,94,86,25,62,15,34,17,25,9,12,15,76,73,51,77,23,96,91,57,37,69,14,90,61,88,61,51,59
54,58,27,76,96,90,40,45,57,31,17,71,7,97,61,55,62,65,4,33,28,71,86,44,56,46,99,86,68,47,7,52,57,48,49,12,42,6,51,99,30,96,61,71,4,65,66,71,71,98,29,1,87,4,65,60,37,28,96,65,2,36,40,78,53,23,91,7,77,61,90,67,1,32,47,48,9,51,69,48
36,71,3,63,41,50,59,19,63,62,8,31,11,26,36,27,81,22,73,27,70,50,19,95,61,91,73,26,78,58,86,76,40,60,21,37,54,79,30,63,92,20,64,10,72,41,40,34,75,51,70,61,6,22,52,37,69,25,14,96,72,80,90,65,43,96,94,30,86,97,82,44,66,73,22,90,98,35,27,9
79,53,63,27,25,12,62,64,66,30,96,35,60,63,76,60,76,21,13,39,28,99,5,70,83,6,28,47,54,15,98,8,44,26,58,17,38,54,88,60,9,10,50,69,97,13,70,52,42,60,59,92,12,51,40,15,79,97,53,99,53,33,50,74,39,14,87,99,22,78,75,94,58,87,3,57,39,54,99,2
88,100,48,58,3,29,7,20,56,45,63,83,52,85,93,61,37,2,83,100,37,23,52,96,18,41,96,55,52,83,77,33,51,97,17,38,88,7,50,70,23,12,70,82,31,24,61,61,63,49,93,70,98,73,57,88,28,73,26,67,81,90,49,69,65,25,46,36,35,39,34,76,1,4,58,67,26,93,19,3
70,11,82,8,22,32,87,5,63,11,50,6,71,95,58,98,13,40,29,9,13,45,60,16,66,35,25,41,16,42,19,87,17,43,83,99,51,11,74,43,21,72,24,45,54,58,71,20,19,99,15,48,41,28,42,82,60,61,41,11,12,27,31,97,61,69,86,88,57,16,2,26,13,34,70,35,91,68,65,55
98,39,41,95,62,55,28,17,92,6,19,26,56,89,37,55,12,36,32,73,14,82,47,55,62,48,98,96,49,70,65,74,83,57,47,6,67,7,11,69,40,52,19,40,44,36,73,33,94,77,98,44,17,29,81,13,44,4,22,10,26,83,76,9,47,27,53,26,32,17,48,45,43,57,36,100,16,71,21,1
15,81,89,21,30,35,81,50,85,24,17,19,14,65,76,82,33,33,38,72,12,18,61,15,74,59,79,25,84,49,55,45,19,38,19,72,88,90,11,32,75,46,45,59,8,82,90,75,16,36,14,72,22,82,85,97,43,92,41,11,46,40,14,15,72,5,88,89,61,91,72,100,87,33,79,78,99,73,100,74
93,73,72,1,68,48,62,83,88,18,25,100,100,87,29,27,91,24,13,82,82,34,86,25,89,70,16,36,9,45,82,31,99,4,51,26,5,32,93,13,80,95,21,17,98,98,52,88,77,48,48,65,38,71,52,98,58,85,6,23,76,25,31,55,72,28,60,90,39,85,86,12,69,22,83,33,66,45,83,12
30,22,87,50,82,34,91,42,13,81,21,54,72,43,45,73,93,40,90,44,72,64,50,28,69,24,7,68,26,43,37,5,42,58,45,67,47,97,4,2,51,31,49,1,43,39,61,6,57,9,71,3,82,92,54,88,70,57,94,19,48,74,3,60,30,90,39,9,18,14,30,54,55,29,36,54,87,74,67,22
25,86,31,33,81,86,43,90,13,68,13,79,18,62,67,62,74,32,94,79,13,57,68,13,4,72,58,10,26,18,60,19,55,45,8,13,45,43,98,80,58,12,20,75,7,63,25,64,22,15,85,77,15,46,4,20,53,60,14,23,79,33,23,1,68,23,39,5,53,80,28,96,49,45,75,77,36,7,86,21
15,60,29,15,13,74,4,47,69,73,52,58,4,75,96,24,9,24,28,29,39,81,11,3,2,38,82,3,6,86,42,42,36,2,46,3,28,35,14,17,49,36,50,12,67,24,70,16,49,58,64,22,54,76,62,10,37,62,27,92,13,56,77,33,92,91,52,50,69,86,10,5,22,32,66,78,5,15,6,87
92,55,50,74,49,93,46,66,65,28,34,84,5,19,14,33,21,96,49,49,72,33,45,61,18,35,3,79,83,11,74,23,32,66,24,88,83,29,76,50,90,21,33,31,12,26,36,69,1,61,25,70,11,18,9,21,30,29,46,44,12,82,17,83,18,16,89,95,68,87,64,67,15,64,100,57,96,86,50,10
61,78,45,27,40,31,48,32,49,47,24,32,67,60,2,26,38,62,48,6,94,10,10,67,76,47,66,55,18,45,53,39,84,66,29,3,86,8,89,39,27,71,83,94,65,35,85,35,49,16,15,76,65,30,53,90,86,51,39,67,17,63,7,97,10,59,79,4,12,42,36,11,84,88,89,58,73,98,94,26
39,85,68,24,17,49,5,72,36,100,28,20,3,65,92,27,61,42,16,94,37,38,64,90,77,23,18,96,29,10,51,84,82,19,84,98,92,88,15,90,75,64,88,82,21,4,43,35,23,79,52,28,15,76,32,96,92,60,6,88,46,33,38,23,73,61,27,44,78,29,18,7,44,19,96,62,24,4,72,91
35,80,69,91,96,3,35,48,97,57,24,29,89,33,95,91,97,41,92,1,67,18,98,51,10,91,82,34,62,74,25,14,55,74,63,86,14,12,74,98,91,73,66,55,68,60,69,29,40,47,82,70,76,15,10,82,30,62,67,82,23,29,25,83,67,17,3,48,79,87,94,79,35,89,70,69,67,22,5,10
61,71,62,92,85,92,68,87,61,67,99,96,16,65,12,57,19,96,93,9,78,91,60,92,31,48,18,28,67,65,98,14,60,80,77,2,92,73,43,25,4,83,10,61,6,66,14,39,39,26,33,13,74,8,2,86,39,61,48,15,55,41,39,21,89,19,55,49,9,66,37,99,21,78,10,1,95,76,34,63
49,18,62,17,83,87,47,27,54,7,11,55,40,9,37,64,5,23,41,16,26,97,48,73,26,65,50,33,81,95,4,19,95,57,76,89,69,61,17,91,5,34,25,75,95,30,50,16,8,48,65,91,71,78,55,98,58,32,50,22,30,90,97,30,99,31,85,37,3,8,86,33,12,97,19,57,44,28,66,80
83,67,17,7,22,90,37,41,43,3,97,49,39,71,70,62,17,78,27,28,89,15,78,13,8,74,35,33,99,67,31,34,78,21,70,21,96,46,21,14,81,77,94,82,28,35,71,8,43,44,38,34,28,64,5,37,87,2,52,75,19,31,14,29,82,20,30,49,1,94,94,53,42,82,37,2,1,40,46,71
69,33,9,73,19,47,75,53,97,36,93,16,16,90,69,36,28,96,8,45,9,56,78,10,78,32,85,63,89,20,17,71,22,83,58,76,99,51,12,28,80,55,71,38,62,59,32,30,62,29,24,52,90,28,69,20,30,64,27,52,91,8,83,5,79,24,72,95,78,33,11,88,72,41,19,46,35,88,15,80
22,95,47,62,87,28,20,31,34,35,16,78,78,47,1,17,41,80,58,69,82,26,78,10,83,16,20,27,66,78,48,48,65,74,29,81,18,75,84,11,36,3,67,77,70,13,76,65,70,9,99,13,7,73,95,40,49,28,44,24,10,41,76,64,73,64,13,75,94,75,17,5,23,97,68,9,18,71,25,43
72,90,35,90,56,19,52,67,86,99,3,16,62,17,46,47,58,18,43,35,72,37,56,50,95,6,39,60,97,97,16,11,42,18,14,57,66,23,8,85,24,99,19,100,17,86,64,98,78,13,88,81,96,100,86,81,88,61,9,61,48,70,99,16,69,75,82,35,36,6,27,16,2,32,62,21,44,24,43,6
55,99,40,26,75,78,52,75,19,43,65,23,97,38,63,61,17,62,7,100,75,5,52,69,88,82,4,41,54,42,84,66,66,5,70,59,68,23,30,13,60,60,18,89,30,67,23,90,59,30,7,7,94,95,66,67,86,39,81,65,79,41,72,91,39,14,1,25,49,50,83,32,20,73,62,71,60,44,74,8
94,97,83,19,1,13,7,62,24,98,11,38,18,18,34,74,99,22,43,9,15,30,57,46,25,50,100,1,42,63,74,57,85,36,95,41,67,53,35,93,63,13,25,59,48,38,2,46,4,6,21,12,60,85,20,81,15,93,14,93,27,67,61,33,38,72,72,13,42,93,58,92,80,81,67,76,94,60,39,47
20,60,37,77,42,30,31,85,25,100,4,32,57,66,68,69,27,23,66,11,19,16,86,22,97,64,64,26,55,55,10,60,60,4,65,37,54,87,40,29,47,44,64,6,100,40,95,50,92,50,10,58,37,52,10,37,48,47,81,75,20,55,89,18,93,18,52,5,43,27,22,50,40,67,14,6,61,7,41,70
6,66,58,61,59,99,10,81,11,92,59,36,8,32,38,13,5,58,38,12,48,79,4,80,93,33,19,55,83,84,93,14,75,66,49,48,11,27,49,82,73,57,98,65,18,15,73,71,60,79,5,13,32,98,11,48,41,54,5,30,99,61,90,25,35,26,40,5,88,3,89,68,82,85,70,19,26,17,5,36
39,13,6,94,87,75,44,34,22,78,84,21,100,36,56,58,77,24,49,35,31,10,63,71,98,33,88,21,15,1,42,71,3,64,65,94,76,83,26,95,38,62,3,85,3,43,60,66,18,32,95,83,16,74,24,36,42,11,5,87,11,82,56,4,31,90,89,60,14,67,52,22,45,13,46,83,17,6,24,5
92,26,25,79,35,96,84,44,57,91,77,54,90,87,8,96,92,3,54,45,79,55,95,34,21,20,32,5,91,39,23,72,85,25,19,69,57,40,69,21,62,69,31,29,27,80,3,36,53,83,47,48,65,25,64,79,18,1,71,100,20,90,22,20,83,26,15,39,98,83,74,7,19,10,50,83,90,4,17,87
2,84,89,75,87,95,44,87,13,52,33,4,92,2,42,49,56,100,94,18,92,20,26,53,46,57,62,61,74,16,95,42,100,77,67,91,56,61,53,79,72,29,89,86,43,44,4,8,43,14,17,83,54,72,13,23,31,74,97,82,44,93,92,7,58,39,39,40,17,50,12,19,98,18,90,47,32,47,48,23
53,42,75,15,65,32,61,69,59,50,1,85,58,58,63,89,3,29,91,43,51,26,37,96,75,46,76,87,26,92,78,94,47,14,13,91,63,34,11,69,50,28,10,33,25,55,52,16,76,52,5,62,29,77,58,68,67,74,1,81,43,97,70,93,100,17,62,42,11,84,89,56,83,28,71,5,24,96,74,17
23,84,39,98,94,20,41,71,35,3,38,70,14,58,79,33,42,18,48,83,77,40,73,49,58,76,38,41,72,12,85,30,64,49,1,52,56,66,57,15,46,90,47,14,8,78,13,78,88,42,47,10,5,14,91,83,36,28,84,96,65,46,15,26,74,17,74,28,61,41,66,38,5,17,28,32,60,70,64,39
25,23,99,2,82,68,13,50,13,23,20,69,85,21,48,18,58,83,66,76,80,47,72,99,80,97,12,20,74,74,37,22,1,32,16,100,72,61,25,95,10,62,20,73,12,50,45,73,15,49,74,41,12,33,90,33,64,82,49,19,80,77,7,74,7,96,98,67,82,57,9,30,86,66,91,54,36,79,79,7
31,62,1,43,26,69,56,57,62,49,13,15,84,42,85,69,24,99,41,43,62,1,44,29,21,9,37,45,67,11,31,85,38,34,8,14,22,93,90,91,36,39,60,37,29,51,15,66,88,77,84,3,63,14,99,24,40,74,49,40,4,64,5,73,50,45,96,63,47,15,84,13,71,32,30,16,77,21,78,42
69,49,51,16,91,31,21,3,88,26,92,78,49,84,100,16,15,78,96,47,99,82,25,74,91,80,92,49,8,95,28,59,36,70,32,97,86,16,28,77,35,1,4,21,32,97,56,14,58,60,46,63,73,48,57,75,93,83,76,21,48,100,47,66,58,51,64,2,3,10,26,7,91,1,24,34,1,5,99,44
45,62,56,22,58,98,88,48,11,83,2,6,63,33,57,56,86,97,18,31,76,66,33,62,96,83,15,42,97,49,86,89,73,65,66,66,3,19,99,35,70,36,80,32,71,38,19,70,38,70,15,73,15,48,65,36,48,92,4,6,53,65,12,51,30,76,60,24,69,100,43,49,70,25,22,59,90,20,57,96
93,32,34,68,41,36,31,88,34,70,13,11,50,44,88,81,45,63,39,90,38,2,60,7,48,79,31,62,40,80,5,69,76,82,33,85,61,91,22,62,27,16,22,2,24,75,18,98,6,70,80,8,74,13,32,39,40,45,57,62,13,29,23,40,94,100,90,79,47,93,78,58,14,81,59,1,87,21,96,45
13,44,98,82,11,86,47,19,93,32,11,45,85,84,35,54,55,51,63,99,7,25,30,8,46,35,4,72,32,93,47,86,10,60,97,5,21,43,68,96,69,29,22,100,44,79,50,17,25,15,58,47,3,26,62,72,71,83,12,8,73,81,53,3,88,66,50,88,15,23,24,36,57,16,25,15,78,90,90,97
48,39,93,39,68,79,98,51,13,40,33,9,39,56,13,27,90,3,66,36,95,35,21,18,99,60,8,29,23,80,78,80,67,7,81,42,76,86,91,72,29,86,60,92,34,37,34,64,61,42,38,82,21,81,27,3,46,30,96,100,32,48,57,91,16,55,14,9,97,52,16,94,40,90,71,75,73,45,51,11
68,99,73,89,96,71,42,78,65,61,47,91,68,36,37,80,42,53,84,35,34,59,24,83,88,90,48,61,34,59,4,31,33,12,23,24,26,3,63,35,70,24,26,33,87,55,13,52,55,23,52,87,5,41,57,61,61,44,61,34,54,86,52,5,38,53,31,30,71,67,63,35,77,90,37,88,22,13,40,4
73,55,3,42,25,39,82,22,32,31,75,94,72,32,12,74,40,65,47,9,97,75,60,46,7,95,18,2,4,76,51,64,97,91,72,49,40,2,77,3,91,9,53,54,33,28,23,12,71,61,28,69,41,33,99,68,91,43,94,44,69,51,38,32,30,71,35,42,100,61,12,23,64,99,6,14,35,19,12,56
52,88,21,31,94,11,66,79,5,94,23,87,28,100,52,22,16,25,46,20,82,52,34,19,52,23,96,38,54,52,89,37,3,61,70,53,17,82,21,14,61,48,65,100,89,36,36,26,56,19,4,26,12,33,55,90,60,56,81,54,79,20,22,61,62,13,81,86,40,99,89,73,41,9,11,95,67,98,48,27
67,67,13,82,5,81,39,57,4,75,4,56,47,45,20,62,25,27,64,34,18,59,17,67,63,32,92,24,91,1,12,49,16,24,5,69,86,11,92,56,55,59,4,63,26,20,68,70,69,33,52,65,27,31,10,100,96,12,92,65,51,97,91,95,7,56,74,88,54,98,71,51,10,10,40,59,26,64,50,27
39,91,64,10,84,76,13,58,19,16,18,60,34,62,3,44,8,67,74,25,95,88,85,51,62,97,31,61,64,81,49,17,75,4,36,66,15,3,48,10,92,53,24,29,1,42,37,61,4,18,88,77,65,16,53,11,18,49,15,59,55,15,98,11,26,39,52,27,48,33,98,68,36,73,52,33,58,47,39,94
55,2,100,89,2,86,7,65,95,4,20,25,8,77,85,2,43,4,77,85,61,43,68,13,92,75,56,47,81,82,29,50,57,52,11,59,84,75,7,57,28,38,58,61,70,45,34,37,76,76,88,97,94,71,99,65,26,89,97,75,98,52,92,3,97,96,73,54,32,29,66,95,22,88,81,40,87,97,75,34
41,34,77,49,65,29,4,3,99,63,95,84,81,73,56,24,45,47,88,52,4,93,18,52,69,25,11,47,57,32,5,47,81,28,53,24,47,13,42,10,83,79,64,45,96,43,60,96,25,62,31,88,6,96,6,16,93,33,32,48,53,89,38,79,7,70,40,17,4,100,2,29,24,63,55,59,45,5,45,12
19,51,41,81,23,77,51,30,72,65,90,66,82,9,96,80,80,99,19,20,53,79,30,83,47,12,48,45,97,97,79,58,38,45,7,57,81,96,87,35,25,91,84,4,68,17,33,13,14,37,93,64,76,10,33,59,47,89,21,1,24,44,100,77,67,66,65,19,2,37,83,44,54,29,5,87,45,91,71,40
4,61,71,93,24,51,23,5,80,26,33,33,34,28,93,70,53,13,74,87,84,43,96,50,70,82,50,29,26,91,12,82,60,83,96,49,36,56,79,88,32,38,37,24,51,89,3,56,29,96,62,75,16,45,57,89,13,71,89,40,70,45,92,8,28,1,49,16,2,62,78,71,14,9,50,7,62,72,22,2
98,79,55,41,43,11,82,44,43,49,60,93,48,26,12,80,3,47,95,10,43,59,97,60,99,16,56,75,62,29,57,37,34,67,24,11,24,10,56,38,37,41,91,43,45,17,80,21,41,62,92,49,31,80,85,38,25,61,99,47,67,94,45,34,73,30,26,10,15,61,34,30,49,39,41,18,22,89,40,30
88,78,44,75,54,84,84,70,16,93,32,49,100,87,27,14,19,46,97,56,77,78,12,52,36,48,88,64,38,22,76,79,53,15,79,27,53,26,30,99,24,70,79,50,23,35,97,75,77,69,77,85,55,65,74,3,88,14,26,56,76,73,95,44,47,20,39,71,79,48,90,96,83,19,89,98,45,87,30,90
34,26,64,29,69,4,11,20,41,37,46,8,55,95,75,34,51,10,84,66,20,61,33,63,23,14,33,59,46,17,12,69,19,60,32,63,43,50,22,44,37,47,18,24,18,92,21,26,25,79,73,36,82,51,71,71,68,54,86,87,77,88,59,33,49,80,19,65,2,25,4,83,80,95,86,74,53,71,11,20
52,92,97,44,69,33,82,64,30,55,69,56,33,49,18,45,64,2,36,12,52,70,35,69,41,18,28,66,9,41,17,71,57,81,46,98,88,99,31,70,29,33,63,90,8,8,79,27,67,97,21,11,29,9,39,31,77,58,78,97,16,77,44,2,11,32,35,4,35,35,48,55,63,98,88,44,75,71,84,20
65,24,80,25,55,95,24,1,51,14,24,52,5,3,9,86,88,2,21,95,96,89,33,15,74,32,70,65,96,74,95,84,99,10,44,16,86,76,65,76,92,98,52,14,84,18,64,7,98,4,16,1,80,58,80,74,74,72,14,68,48,64,33,28,79,29,18,72,34,38,65,3,12,21,87,86,25,19,15,72
21,66,33,21,40,25,63,72,13,26,18,94,7,67,87,45,88,79,57,69,43,38,12,73,55,70,65,14,38,83,44,93,92,53,18,43,85,97,96,83,41,26,60,56,2,44,79,95,20,99,85,64,80,53,2,35,54,57,58,17,58,6,35,80,19,18,64,95,18,49,68,98,49,22,58,95,87,67,28,96
88,99,28,94,64,60,42,80,29,91,54,58,84,44,12,7,52,57,6,52,76,7,55,43,53,12,15,44,24,93,80,5,35,16,41,2,21,78,25,58,83,36,26,93,89,57,11,94,93,90,14,90,97,74,86,31,77,61,92,73,8,71,76,63,66,8,13,89,34,25,69,85,95,49,88,83,14,20,14,36
39,1,71,15,61,97,95,1,93,51,10,17,20,82,91,52,40,32,56,90,54,94,29,17,12,63,81,6,59,48,66,63,23,19,65,12,55,89,16,21,35,71,70,94,33,34,95,68,59,34,66,95,42,77,15,59,5,24,11,74,47,78,26,47,90,24,97,64,61,36,31,30,14,64,66,66,35,68,10,57
38,40,75,44,10,75,70,68,35,67,72,62,36,16,70,16,4,37,8,11,32,25,55,33,69,59,58,24,47,6,79,47,53,41,58,53,55,99,31,67,68,100,14,32,68,57,78,41,83,47,67,44,15,19,8,51,87,92,12,49,60,2,93,95,17,61,37,84,41,37,9,99,53,72,54,46,97,18,75,100
42,32,9,32,94,33,1,25,11,21,90,64,22,25,63,44,80,44,42,10,25,61,98,64,76,10,49,45,96,98,92,20,66,31,2,90,26,4,59,18,88,30,60,26,90,83,60,91,3,41,37,35,37,19,32,95,71,44,67,76,35,91,90,79,7,69,65,27,40,34,3,47,40,93,47,23,11,15,38,45
8,66,27,82,49,28,29,56,22,13,60,92,78,100,15,72,47,38,13,50,75,45,10,34,31,56,22,24,29,42,3,38,74,98,42,75,83,86,26,36,55,44,100,33,11,38,36,9,9,96,82,22,10,90,40,57,38,90,53,42,86,87,33,61,71,64,17,4,67,38,57,60,27,16,10,32,41,72,96,35
86,39,56,68,45,90,69,5,50,72,5,84,100,83,45,9,47,100,85,47,17,18,17,99,10,14,92,86,5,33,11,80,47,58,45,46,12,8,90,7,46,99,72,81,64,81,29,48,35,36,31,75,47,30,9,90,13,18,53,19,69,30,97,70,88,54,87,24,2,38,15,27,39,38,73,19,18,36,98,83
35,49,99,54,91,56,73,42,67,43,15,12,18,98,62,100,66,33,29,9,28,35,10,34,62,76,25,96,3,74,19,64,71,24,85,34,22,75,62,71,40,48,65,92,67,69,99,32,67,16,71,68,66,46,92,52,56,1,94,61,8,38,49,96,56,11,10,13,23,79,33,46,100,49,77,22,4,80,63,37
25,9,45,49,22,94,26,62,18,32,13,18,89,21,93,83,55,26,44,32,56,86,95,37,40,62,38,17,62,41,67,62,80,98,2,38,34,87,35,24,28,75,21,58,91,25,51,63,17,47,39,26,31,13,88,59,34,5,76,49,26,65,13,85,59,97,66,12,73,83,33,17,93,91,21,3,40,86,51,95
19,94,36,85,26,48,100,100,59,58,59,3,80,86,56,50,38,4,8,44,13,29,9,55,55,6,25,88,6,31,41,21,67,24,76,10,6,71,67,2,7,3,84,81,75,13,76,68,10,46,40,95,6,4,19,91,2,25,83,67,67,1,34,21,9,66,69,62,28,34,90,60,60,90,88,52,9,15,1,60
71,53,61,78,75,26,75,25,30,82,26,60,69,44,49,93,77,39,72,64,5,49,84,70,48,15,11,66,83,57,41,99,96,2,85,16,95,23,67,17,9,18,9,46,15,64,41,63,1,25,31,94,18,52,50,50,90,14,39,17,23,6,18,20,21,15,50,83,23,31,47,8,95,74,39,75,68,12,52,14
21,86,14,90,2,80,51,14,76,29,76,65,83,13,41,52,27,66,27,49,98,85,19,77,6,21,28,2,24,31,12,37,30,21,48,2,58,86,71,65,7,6,97,43,87,16,48,5,10,27,90,45,99,43,100,15,13,70,86,19,64,52,85,26,51,53,22,2,42,3,69,95,58,88,67,67,62,50,21,53
39,60,62,76,42,87,11,18,93,31,11,78,52,96,86,46,3,45,6,26,74,56,68,5,81,16,49,33,94,20,4,90,58,44,21,31,69,14,25,93,68,22,79,83,59,23,68,59,39,57,28,68,91,65,67,100,45,52,19,47,42,62,2,15,12,31,95,59,78,2,79,34,77,34,20,11,5,84,4,80
27,87,62,6,85,60,97,89,89,87,6,71,30,18,9,5,83,75,59,51,70,4,69,35,75,86,42,66,100,93,95,77,99,72,5,47,74,66,74,20,2,57,17,20,79,19,22,56,61,69,49,6,9,49,4,10,10,4,8,83,36,55,89,29,83,73,94,76,12,12,79,86,8,77,23,78,42,26,100,77
26,8,41,80,18,80,13,56,16,69,2,59,44,9,11,88,96,88,62,88,91,84,77,44,6,75,90,13,82,23,15,43,83,79,58,10,67,35,66,68,31,49,70,15,36,19,22,57,81,8,35,87,81,55,3,37,38,51,34,26,52,98,87,87,6,88,5,58,92,65,81,78,38,48,12,74,96,79,53,96
10,25,49,63,53,24,14,28,91,40,80,61,29,2,23,15,77,64,62,84,9,26,86,89,35,51,99,15,54,56,21,53,23,51,45,52,95,37,29,84,47,94,73,7,62,65,11,47,26,9,59,75,70,85,58,38,76,8,30,29,38,45,94,92,52,17,23,40,5,92,28,35,14,71,52,1,14,70,39,59
96,64,87,90,63,69,63,89,12,6,66,49,36,83,7,49,44,5,56,9,88,84,50,32,56,84,5,28,40,82,67,64,65,98,95,30,29,36,14,34,45,30,27,68,2,96,60,50,87,16,37,91,82,39,96,21,64,81,51,52,6,21,92,60,79,4,90,14,65,92,70,78,61,29,73,22,67,26,84,35
47,38,65,61,98,100,95,63,31,56,5,22,86,33,17,56,10,72,15,91,93,96,50,20,54,87,31,90,37,45,86,92,95,49,5,91,100,4,75,92,64,70,91,29,85,7,3,2,68,8,81,72,68,14,68,6,24,35,13,43,37,68,6,61,92,42,11,41,46,38,90,84,18,9,8,37,93,54,37,8
72,49,70,65,23,8,45,15,17,59,3,48,70,42,100,28,64,39,91,51,26,91,81,51,72,83,33,49,27,38,88,56,75,25,11,25,37,26,36,6,56,3,31,9,29,34,68,10,97,56,99,81,2,74,99,45,84,83,86,64,45,10,68,41,48,43,49,55,27,1,86,99,73,73,45,28,22,46,11,99
2,71,59,9,77,10,71,2,57,85,23,57,32,24,22,68,59,86,2,38,29,57,29,58,31,57,86,62,7,29,60,61,18,39,100,48,60,58,43,84,66,47,94,27,52,21,14,38,90,69,61,66,100,96,100,95,11,86,75,34,9,47,2,100,71,34,84,89,78,50,9,21,71,46,49,58,30,63,42,14
88,88,3,89,26,83,85,70,60,2,57,54,62,16,12,41,57,4,75,33,4,57,25,63,96,4,45,17,100,19,60,21,73,6,38,76,36,76,67,29,20,46,29,68,80,36,32,71,15,81,35,14,72,12,54,88,51,21,49,48,27,44,99,38,97,51,33,86,36,33,51,93,68,60,39,89,16,72,47,100
89,92,74,93,44,70,96,14,50,79,51,2,6,47,28,80,84,82,91,36,60,14,26,98,30,78,82,76,17,34,25,61,50,48,51,55,77,15,72,58,76,61,21,82,40,55,59,84,32,67,96,60,46,10,5,60,5,5,71,22,44,85,39,42,89,58,47,62,26,31,78,4,43,65,94,74,22,8,18,39
53,62,64,70,92,94,56,94,38,30,93,10,87,82,83,43,30,96,93,55,34,20,62,72,68,100,65,69,21,94,67,89,93,1,39,95,29,27,46,98,39,59,1,60,7,53,62,94,65,66,6,92,19,15,77,100,9,53,43,71,17,94,39,57,61,65,62,69,79,91,20,99,29,7,27,30,88,52,10,40
26,16,38,88,55,37,16,96,6,23,47,74,14,48,18,98,91,52,65,68,93,56,7,51,83,82,99,76,98,3,94,81,25,76,10,51,53,84,99,76,91,97,98,22,5,84,33,77,92,63,98,15,67,90,77,16,40,81,13,5,8,35,74,93,18,95,3,10,62,83,23,54,73,2,42,70,4,64,68,84
40,16,46,52,90,66,69,64,96,20,60,39,29,97,48,51,19,72,15,94,83,14,87,33,70,34,83,75,76,87,71,93,43,14,89,83,57,36,56,85,66,16,8,58,61,93,28,58,71,75,32,81,100,30,64,76,68,43,90,7,51,100,6,17,87,35,2,48,47,17,86,74,82,94,12,2,71,12,43,78
87,48,58,82,43,76,65,38,84,93,19,32,35,78,60,68,41,1,79,73,47,82,49,12,41,83,87,86,21,93,77,37,20,53,48,54,54,90,12,57,15,50,95,67,3,76,53,94,58,53,6,68,77,62,57,1,7,69,73,75,28,35,100,80,34,1,89,14,10,28,94,48,53,34,93,86,50,60,77,6
25,13,60,70,41,10,41,60,84,47,1,30,12,20,13,39,95,13,67,18,15,97,61,6,36,52,52,38,90,57,89,56,9,68,48,38,20,32,15,27,40,38,71,58,92,38,74,28,39,77,99,52,71,64,59,58,24,69,85,22,96,37,98,73,14,49,81,40,75,100,54,10,10,27,63,55,20,13,7,16
77,100,30,58,17,83,50,45,57,10,21,61,16,5,35,62,75,71,97,39,94,44,75,83,25,24,6,84,36,91,45,57,65,35,53,96,35,79,84,60,30,74,12,26,12,90,74,1,47,23,16,26,18,55,66,7,14,49,29,18,5,77,34,80,32,23,50,18,89,6,43,30,81,24,20,82,1,34,95,21
100,11,34,42,15,7,63,78,70,90,71,30,30,50,32,41,3,10,87,18,20,99,83,77,45,96,26,31,23,39,57,89,45,92,45,36,73,63,40,29,48,29,12,37,81,17,31,79,40,92,83,14,96,100,96,25,25,35,72,46,75,5,22,22,32,24,66,11,69,24,70,92,5,39,36,9,99,7,84,1
77,78,48,77,66,3,72,81,56,83,45,52,76,72,96,64,2,69,8,49,73,28,39,78,37,46,89,84,26,58,48,52,18,61,52,72,26,26,20,75,48,19,23,67,5,44,45,63,67,63,46,87,100,31,35,87,29,59,15,86,59,87,81,71,49,8,79,55,98,61,56,80,98,51,17,98,80,92,3,93
88,53,17,28,13,30,72,76,52,88,98,86,29,31,49,16,86,40,15,3,45,45,17,80,19,69,42,37,75,67,52,84,33,93,59,58,36,49,78,97,44,81,95,9,23,81,97,51,71,24,95,42,58,10,16,1,21,41,5,37,4,2,93,93,42,87,8,72,32,93,28,96,6,34,14,60,36,96,20,86
33,58,16,61,68,42,94,20,91,43,71,89,55,31,39,37,47,13,56,38,70,19,92,31,6,29,56,53,37,30,43,33,48,87,77,9,36,86,19,53,71,30,82,66,79,24,90,20,16,97,62,2,85,86,48,30,12,88,61,82,65,21,95,50,9,96,13,52,12,39,48,22,85,46,72,82,49,72,11,11
77,48,16,16,79,9,32,21,1,28,84,16,68,84,40,2,90,87,87,34,1,90,69,18,26,44,66,84,18,38,38,47,88,12,34,1,6,47,62,18,88,78,35,14,50,70,97,80,11,25,82,78,73,10,74,5,32,35,27,39,98,97,23,8,93,27,6,64,39,48,75,87,69,53,75,13,10,28,45,91
88,44,96,61,65,30,77,24,81,71,96,21,18,73,79,89,70,54,9,72,60,39,25,46,4,58,10,84,31,77,50,78,25,76,54,18,26,6,60,74,14,97,52,37,52,14,14,36,60,39,32,28,32,8,28,91,20,5,44,63,22,97,14,91,37,51,21,45,48,96,51,51,9,76,5,89,86,42,66,63
20,47,29,56,3,89,78,48,17,14,24,54,59,3,37,6,8,32,21,100,72,87,77,95,62,85,4,75,92,45,67,45,30,16,37,77,54,20,21,46,20,87,10,82,31,34,67,98,24,82,94,38,12,4,35,88,10,7,32,99,47,87,11,75,67,68,98,52,10,59,43,82,55,24,61,41,58,59,78,48
20,11,69,84,50,41,33,13,66,55,87,20,21,76,11,26,20,82,98,32,83,86,23,13,17,96,42,83,87,17,49,36,96,21,85,60,64,5,11,74,94,61,16,71,20,16,27,97,79,9,50,55,19,86,85,79,4,38,59,87,11,83,44,9,7,50,59,25,98,42,26,98,98,34,68,26,36,75,73,54
63,75,44,69,38,94,94,98,53,50,32,40,70,66,1,54,40,72,60,63,10,54,92,98,67,99,40,9,27,11,37,86,78,24,97,76,47,33,21,72,77,33,84,39,19,52,34,40,49,9,94,68,37,4,19,54,21,17,71,86,27,79,12,82,58,66,7,37,74,81,24,20,36,59,51,67,22,12,88,43
49,63,62,25,50,70,41,85,92,17,39,25,84,92,11,52,72,21,88,54,100,7,99,46,75,25,55,12,72,29,64,68,22,66,54,57,90,52,23,7,71,81,99,100,68,53,85,75,96,72,64,47,73,44,64,62,60,94,41,34,67,1,14,40,63,42,53,72,2,74,11,63,13,28,61,96,6,65,43,5
95,8,11,48,49,17,25,5,1,88,35,29,15,67,37,16,73,82,39,28,43,20,60,71,94,61,93,69,51,87,51,71,41,25,31,56,70,4,69,67,29,68,44,1,29,79,17,23,35,90,46,1,58,20,37,58,21,71,81,3,27,43,67,29,13,74,55,19,56,77,83,86,58,100,4,43,75,99,7,7
12,23,77,31,38,26,22,30,36,73,30,21,30,75,19,99,61,88,65,10,67,41,93,63,95,93,18,64,58,36,40,15,2,63,76,34,1,77,69,13,13,62,81,26,94,88,53,98,18,95,69,64,48,86,32,18,24,96,31,23,20,46,70,70,18,63,34,98,32,98,15,43,54,53,15,20,3,100,85,55
49,67,79,24,2,65,4,21,29,99,5,53,14,30,57,54,6,38,50,11,79,60,43,3,91,15,80,16,80,39,17,23,52,81,32,75,28,81,78,41,28,19,72,42,16,68,71,36,1,46,61,46,83,7,53,66,19,97,56,5,46,65,18,51,79,16,38,56,84,77,64,20,8,37,34,46,90,96,27,12
76,69,71,52,63,38,44,57,93,34,27,25,55,79,34,90,7,85,100,49,83,21,95,99,27,36,34,8,71,53,70,96,69,12,65,91,30,99,13,80,23,20,17,20,93,26,52,80,21,65,53,27,59,87,37,30,89,38,14,42,76,64,27,16,15,99,90,37,95,20,90,9,78,97,93,67,18,71,81,50
59,55,87,7,90,66,69,7,43,35,66,41,27,12,30,64,26,21,67,84,42,9,46,56,90,85,33,29,27,88,58,20,58,100,4,4,67,19,5,75,17,77,98,61,1,40,39,89,30,54,77,91,13,87,62,37,35,57,3,1,56,37,76,73,85,90,55,53,98,64,92,51,36,35,22,71,29,44,66,48
33,52,9,18,68,54,77,14,17,10,27,77,77,93,45,32,25,89,87,30,83,8,58,28,93,47,86,59,81,5,37,48,69,3,48,31,90,87,95,32,99,7,55,99,4,67,51,50,56,41,34,26,47,45,14,2,37,43,64,95,78,55,66,96,7,19,70,83,55,38,100,24,27,99,86,93,31,74,72,65
34,77,74,18,3,55,23,100,89,87,19,66,50,16,14,90,30,90,99,88,92,42,21,32,89,79,87,39,20,92,33,32,59,36,18,1,36,35,81,88,35,73,80,14,56,51,7,100,33,4,8,64,98,13,4,81,36,59,6,35,92,3,66,65,98,38,97,12,33,81,33,6,59,35,41,56,34,57,53,90
70,1,87,21,66,63,95,66,98,57,84,8,16,24,27,12,6,49,48,72,72,13,33,18,79,75,77,95,74,75,80,81,47,56,1,33,44,6,85,51,4,24,47,45,32,47,45,41,19,59,43,90,57,49,1,61,1,78,97,59,20,20,45,14,34,22,44,7,23,32,86,33,66,31,78,18,6,19,82,33
8,74,76,7,1,20,72,76,91,80,38,29,60,28,52,36,67,22,94,99,74,74,19,65,93,13,79,92,98,12,72,4,33,9,11,28,97,48,97,73,27,92,39,39,64,81,20,93,87,1,89,22,46,71,10,85,33,2,78,27,79,58,58,72,13,24,32,48,98,81,89,64,87,87,12,87,3,25,65,54
22,7,23,1,9,70,81,40,81,29,15,52,47,40,61,71,98,29,96,1,40,18,4,91,97,23,81,48,89,74,98,87,40,24,40,75,48,27,85,2,27,61,90,24,64,28,12,50,3,57,38,33,78,24,19,59,21,29,4,47,70,99,55,9,20,20,27,9,68,41,14,54,34,12,59,53,58,44,92,59
86,99,18,66,21,30,37,46,97,48,19,74,1,53,15,18,33,41,19,15,6,55,48,42,6,16,51,68,99,9,9,4,32,98,50,52,22,9,68,45,81,71,98,47,26,15,7,30,84,99,26,49,27,55,39,17,80,8,51,38,52,7,64,47,99,39,44,100,44,88,87,10,87,72,14,11,79,56,27,31
47,23,18,4,64,60,92,40,67,89,5,25,39,18,98,78,23,32,90,15,97,54,9,69,29,20,78,56,96,36,2,26,12,32,22,83,14,58,90,76,35,83,27,82,27,32,89,60,52,65,30,23,31,73,44,71,6,48,43,14,7,98,1,33,66,57,77,94,54,19,78,34,29,30,53,49,73,26,40,44
69,6,99,35,7,39,52,39,29,74,88,22,65,32,12,28,48,91,89,57,90,60,33,34,2,10,87,42,7,93,28,58,35,34,33,70,7,96,24,25,11,24,51,27,29,67,24,57,31,41,56,19,71,47,50,20,34,96,69,71,2,70,42,68,52,84,41,45,36,65,62,26,61,58,86,55,24,2,56,65
91,65,34,27,13,3,75,48,89,59,96,40,30,100,40,90,29,14,4,76,36,29,68,53,49,48,43,69,15,65,58,28,89,78,100,66,88,16,84,23,47,5,42,54,86,65,22,22,58,90,98,64,7,20,63,25,87,73,61,55,78,82,27,5,48,43,41,65,32,5,75,19,81,4,19,2,23,99,30,86
28,72,15,87,76,59,30,24,75,79,9,1,16,93,64,52,96,81,42,9,71,44,98,18,12,60,19,8,87,75,38,29,68,84,19,76,52,34,36,62,86,59,87,59,33,92,43,55,4,60,72,5,98,52,54,16,99,100,55,53,60,56,28,13,57,28,79,82,98,39,20,58,61,35,57,90,57,53,41,24
16,22,82,54,36,80,94,37,11,81,61,86,25,98,18,89,78,99,10,24,37,87,80,90,33,66,30,70,84,81,31,78,47,54,55,22,86,59,3,52,83,59,54,77,47,95,8,67,85,67,34,47,3,52,59,98,100,47,49,51,50,66,33,41,69,82,29,9,94,66,87,83,83,29,60,41,77,4,67,2
100,42,41,5,78,52,21,7,91,66,85,84,86,75,15,12,87,83,64,72,60,86,3,99,72,3,99,28,23,66,81,88,74,19,36,66,13,5,24,56,68,95,82,79,98,61,63,54,30,56,72,35,75,12,5,46,7,55,31,92,46,51,33,67,82,92,21,54,35,97,47,56,79,54,12,60,98,21,31,68
19,21,33,53,36,95,36,46,66,49,36,69,59,60,80,25,68,59,82,98,13,78,44,23,44,55,50,50,78,77,57,79,91,66,26,89,58,98,48,5,30,77,22,49,53,85,60,89,90,85,28,7,68,8,33,76,60,55,31,84,58,53,93,12,85,13,24,26,53,84,74,94,79,11,81,47,43,68,1,31
78,29,12,61,47,48,56,6,34,84,38,31,2,87,87,53,29,41,84,82,5,2,72,72,38,59,98,85,34,36,22,21,57,27,15,93,25,6,5,36,27,63,21,34,51,69,79,27,46,8,34,77,25,61,74,94,31,39,87,30,95,50,84,97,19,50,97,7,64,84,72,27,41,65,69,37,55,38,30,33
54,41,86,57,62,30,76,91,82,13,84,4,11,81,48,7,30,90,32,53,37,45,32,97,28,57,2,21,26,51,68,100,46,22,90,93,53,47,40,47,33,79,37,35,95,30,31,46,46,40,11,90,88,44,50,9,23,27,85,17,89,72,42,69,75,33,83,38,50,89,9,83,2,76,31,40,31,72,49,76
19,42,21,52,45,79,80,25,29,87,83,94,54,41,29,98,50,35,53,10,80,34,70,30,100,50,72,20,79,14,29,12,98,60,87,46,31,52,93,100,56,31,5,64,76,84,72,29,84,72,89,17,94,50,94,64,19,93,64,53,3,30,36,52,57,19,27,19,88,49,44,54,95,79,38,19,53,86,82,71
99,82,79,41,48,7,100,21,69,20,12,75,2,44,89,69,59,30,83,71,14,42,91,38,14,27,95,32,1,37,9,96,84,79,26,99,66,96,68,12,76,55,42,14,70,43,65,16,29,14,99,91,10,18,99,11,51,33,81,66,83,30,55,45,79,82,45,33,11,95,10,77,14,27,67,21,53,62,62,86
75,58,48,37,4,42,10,90,99,80,46,89,6,1,50,8,11,36,84,90,54,48,43,35,66,82,33,76,19,100,55,91,61,83,80,77,9,93,96,94,40,62,83,96,98,53,37,37,63,25,92,95,69,76,54,54,30,87,3,77,74,81,20,67,95,88,100,82,56,73,50,45,5,7,7,74,32,47,91,46
22,77,61,9,92,64,7,24,43,14,8,58,17,76,48,44,50,99,42,91,47,38,55,29,78,36,63,25,15,47,34,12,17,33,55,41,11,20,43,86,26,48,33,32,18,80,55,32,55,12,76,25,82,76,31,65,54,58,16,17,16,25,77,95,7,65,80,84,93,41,45,73,23,30,76,54,87,47,94,84
35,44,26,6,13,19,76,18,6,3,58,61,99,1,30,88,23,46,89,58,82,52,33,79,46,83,36,21,67,42,68,29,48,77,78,38,40,44,57,76,20,74,97,93,98,14,85,86,94,60,25,25,57,23,56,4,57,17,61,57,73,77,56,56,21,16,78,75,44,28,18,99,47,35,14,38,54,37,38,29
2,31,49,4,9,90,41,83,38,80,91,27,76,10,98,52,11,67,24,62,31,2,37,78,24,42,39,23,66,88,19,91,3,12,53,38,44,15,36,16,35,76,30,94,81,98,37,24,53,33,36,53,72,33,62,39,74,10,77,86,39,53,70,82,100,9,89,34,68,93,79,62,85,91,79,34,58,71,76,23
65,73,19,3,24,56,69,39,20,87,84,89,77,92,87,74,14,16,14,21,51,24,32,95,68,99,92,15,85,53,49,52,85,16,96,52,14,63,100,58,16,63,15,52,29,6,15,30,97,23,6,72,5,55,64,59,16,81,36,65,58,33,75,69,25,24,84,99,8,50,31,81,77,74,69,24,85,39,69,83
43,1,40,36,70,26,20,75,32,36,18,5,74,51,89,16,10,77,65,23,82,63,15,37,62,22,91,55,97,51,99,58,58,79,47,75,30,91,3,83,81,60,99,67,34,57,74,100,70,49,16,19,27,91,10,45,10,37,80,72,79,6,19,32,46,9,13,76,87,55,67,99,17,82,42,57,52,59,28,42
33,2,8,13,55,12,66,65,40,2,79,21,48,41,86,43,7,8,29,24,53,57,45,35,72,15,34,18,33,50,67,94,84,83,37,84,10,38,54,13,74,79,52,25,23,20,35,48,94,17,2,83,80,9,32,59,21,35,10,88,89,71,52,90,39,75,33,88,3,24,13,84,100,12,97,37,9,21,61,61
87,49,88,76,55,57,12,90,85,10,78,73,89,91,99,80,70,99,32,62,59,69,66,74,38,58,54,71,72,48,78,94,81,50,65,89,31,42,23,86,93,36,89,76,13,25,90,71,93,80,84,37,53,40,2,98,90,42,60,85,13,69,73,11,59,62,58,47,58,21,13,71,28,17,26,81,74,66,72,7
6,18,36,12,38,93,39,19,38,80,32,92,20,39,96,65,15,68,27,65,98,96,76,98,82,83,99,34,68,83,46,3,94,43,26,47,83,22,79,17,12,7,29,24,47,72,33,64,83,79,90,51,3,14,26,19,30,2,88,65,95,24,29,55,20,20,87,97,93,72,18,61,69,29,18,50,25,86,24,83
89,73,73,6,95,13,71,42,39,57,19,79,65,43,23,99,38,22,11,84,55,78,65,49,89,6,79,95,92,26,78,88,8,47,32,56,6,58,15,91,40,51,89,71,96,19,53,85,18,89,49,27,21,7,33,8,62,48,34,24,75,49,67,78,35,10,65,100,91,87,44,24,6,68,3,76,25,7,44,81
55,84,52,63,23,8,4,7,32,88,8,6,16,8,64,4,35,23,62,61,34,68,37,53,51,88,30,9,31,79,75,10,33,91,25,94,14,80,51,66,10,28,37,50,14,16,22,68,70,27,53,31,46,30,91,18,93,97,87,71,44,37,89,97,82,26,23,94,82,37,54,83,74,88,56,24,22,40,26,53
18,63,49,10,11,50,92,1,52,77,65,58,9,38,26,90,64,33,97,84,66,1,91,2,90,41,1,65,90,88,18,90,75,12,7,71,77,39,95,96,7,50,80,74,4,41,64,76,64,45,43,49,27,66,35,100,14,28,43,99,4,43,18,57,55,58,83,47,84,92,50,21,20,21,26,71,95,68,97,21
61,68,92,15,31,49,37,67,46,46,56,77,57,57,15,72,52,23,29,91,25,6,15,68,27,16,44,69,24,89,37,23,39,71,46,19,80,2,54,98,53,41,64,72,71,71,66,84,60,34,84,13,27,99,48,95,94,45,95,18,85,70,52,68,68,72,94,72,1,27,69,51,94,16,72,95,37,70,16,57
27,45,86,44,70,38,6,20,98,88,33,20,96,70,77,63,55,78,27,56,83,83,43,77,16,46,80,84,3,41,35,54,13,54,7,64,40,83,54,45,59,36,88,72,6,46,68,30,27,98,78,51,91,96,4,53,46,95,69,68,20,67,30,34,89,28,55,84,68,25,96,69,80,23,82,87,95,3,89,9
100,3,94,79,40,80,75,46,87,66,40,33,62,7,70,61,55,38,67,55,87,25,97,54,33,7,8,96,6,30,46,36,10,95,85,32,79,99,71,9,28,78,4,70,67,40,2,90,30,13,97,89,62,69,81,13,64,85,39,20,75,26,52,33,47,52,95,35,33,2,88,5,10,34,26,100,19,92,95,49
97,37,69,80,76,75,27,86,47,13,76,41,32,29,33,4,100,69,5,36,20,97,32,93,72,94,5,28,39,47,21,81,8,6,56,6,87,81,41,12,29,84,18,34,98,68,57,82,56,26,86,20,42,95,61,75,91,17,9,76,25,18,4,85,24,73,63,14,71,90,68,28,93,49,19,24,4,78,39,21
36,43,86,17,61,22,33,1,94,42,78,75,55,82,1,47,87,26,73,94,11,34,3,47,64,21,98,81,68,48,71,61,32,50,84,2,19,43,26,38,30,14,39,33,33,75,25,24,1,36,19,84,56,69,43,74,39,3,40,16,71,17,50,39,14,7,64,15,77,46,77,77,48,19,38,82,68,91,74,12
62,19,97,42,53,77,55,78,50,39,33,43,34,17,51,40,84,78,16,79,69,60,88,94,65,32,85,40,82,75,81,90,20,24,9,26,59,42,61,17,48,83,39,94,35,4,65,20,26,28,73,91,76,57,33,4,63,44,21,65,63,2,82,88,19,77,56,9,53,34,36,27,78,96,23,75,75,85,70,13
77,2,44,69,63,47,95,75,57,20,23,94,31,16,20,92,73,41,62,97,67,97,44,70,4,33,83,94,50,38,20,82,29,10,37,89,64,85,23,72,77,17,62,13,62,62,9,24,74,36,76,81,38,25,53,97,98,81,55,95,46,36,10,40,62,3,79,67,27,74,41,59,41,26,32,94,89,78,59,14
44,57,75,72,62,48,36,91,3,98,40,35,28,42,64,50,48,45,17,60,10,86,67,49,3,87,3,49,68,12,86,5,90,57,1,65,92,89,57,91,21,42,11,64,17,48,25,94,66,20,27,81,52,89,5,83,7,63,86,51,52,92,65,3,2,37,28,15,24,37,71,23,39,3,45,64,40,25,70,59
61,90,56,10,21,9,36,61,44,65,47,36,3,44,32,77,5,47,21,5,92,51,26,84,67,5,87,36,33,3,51,8,96,13,39,20,40,72,1,61,20,83,22,25,79,69,97,62,52,86,18,84,23,86,86,36,55,97,31,76,65,52,2,8,55,62,99,99,89,27,42,11,7,100,63,97,88,67,89,94
68,13,13,4,59,84,91,63,86,15,55,91,14,70,11,38,21,61,20,81,16,22,90,56,22,37,30,14,7,39,30,68,47,52,83,80,96,89,41,94,42,61,87,78,19,74,31,49,49,65,61,42,93,4,16,39,80,67,87,97,54,79,59,32,53,49,92,67,34,83,80,70,81,62,66,64,41,11,34,99
86,95,69,39,79,20,59,80,6,70,55,46,26,36,97,58,73,65,25,40,80,90,92,32,46,94,33,41,41,50,81,89,56,80,24,76,11,16,62,42,96,1,9,72,11,83,92,36,75,24,61,5,65,23,19,59,15,60,67,28,20,23,44,44,31,50,13,3,23,1,11,24,39,33,86,86,38,29,99,4
72,27,76,7,88,78,73,29,99,15,56,37,69,37,92,19,36,14,94,58,22,93,36,12,41,73,24,77,22,4,54,22,73,97,52,93,33,70,22,77,65,62,11,16,26,1,50,69,32,22,92,25,41,71,37,37,98,11,73,2,9,31,13,60,87,34,46,9,99,42,97,68,57,59,16,17,19,3,57,22
43,38,5,4,14,56,8,77,56,82,86,79,18,65,51,56,15,12,25,50,76,52,29,2,39,66,32,8,45,33,69,50,74,39,68,81,30,86,34,29,64,55,51,62,12,53,78,82,82,37,18,98,21,37,81,66,77,91,53,42,89,23,34,92,26,62,27,65,83,7,16,50,45,89,73,13,84,87,32,2
95,36,61,81,12,72,68,18,44,2,6,38,41,33,83,66,9,99,47,90,24,70,98,51,38,72,91,35,63,52,2,74,15,85,75,44,53,45,68,4,33,30,52,81,55,49,30,59,25,29,7,25,97,76,22,66,22,54,46,83,23,20,92,43,42,46,74,16,91,23,44,23,82,4,64,14,34,49,60,89
12,98,86,37,34,71,48,52,39,100,34,78,36,89,71,53,72,9,97,44,85,34,96,32,32,45,34,90,17,96,58,44,70,14,64,66,20,69,4,52,36,81,59,65,43,23,40,21,63,22,26,47,32,50,46,36,6,46,43,51,89,83,58,21,48,58,54,45,24,96,90,30,90,90,15,28,34,98,95,72
67,77,36,44,48,48,100,70,25,16,39,96,3,43,63,6,31,95,80,3,49,18,82,6,28,52,14,36,87,83,100,1,18,44,38,68,29,68,62,52,3,71,34,49,59,53,87,9,16,80,38,30,42,93,68,96,1,45,30,44,85,45,90,82,81,99,25,74,32,89,67,86,54,8,99,69,78,69,90,9
29,68,86,92,77,52,17,99,93,60,92,90,30,15,90,83,3,40,72,76,72,56,34,24,87,12,73,97,18,77,71,98,70,12,53,26,91,6,43,65,75,81,27,54,32,37,90,50,74,20,94,84,30,70,31,86,45,87,55,43,26,24,65,81,1,23,95,81,79,49,85,41,97,46,94,59,67,70,95,10
51,53,76,82,82,63,74,99,12,9,46,45,33,17,86,29,11,40,66,9,27,57,64,23,25,53,23,83,84,32,59,8,4,91,26,81,38,40,44,53,17,25,39,11,20,6,54,19,29,82,14,41,36,55,80,80,100,50,18,50,14,20,47,73,48,58,98,60,92,83,12,29,32,68,81,87,99,5,92,48
90,21,28,64,11,40,33,25,54,50,91,41,40,67,15,62,72,47,68,90,58,21,12,89,100,42,79,36,33,64,23,3,55,47,41,29,57,83,5,22,44,100,92,1,97,44,6,60,15,24,30,37,73,37,9,84,10,58,74,10,85,68,68,36,4,85,47,78,81,20,64,77,10,80,44,90,9,3,26,56
46,64,88,73,33,42,66,93,2,7,31,68,31,98,80,57,53,14,15,56,90,4,55,91,17,25,86,2,48,66,69,69,19,67,3,65,9,67,79,38,98,9,84,93,36,100,62,70,37,63,17,41,31,23,78,62,49,27,90,18,4,24,62,30,36,86,28,8,73,56,47,25,67,54,99,9,33,73,26,56
75,44,10,10,37,70,58,77,76,47,27,5,44,41,61,75,10,38,66,37,67,5,58,96,15,68,33,10,8,53,23,64,64,49,48,21,61,29,82,86,56,12,24,85,48,68,58,63,3,51,57,64,49,33,67,62,10,49,29,87,38,51,19,99,3,79,91,27,28,83,22,48,90,58,6,94,79,14,89,71
97,68,24,96,75,47,1,84,42,24,93,57,85,61,6,41,10,36,80,52,99,58,50,86,93,37,38,10,74,94,12,29,48,20,97,100,16,50,55,39,18,28,22,39,93,80,24,39,20,95,49,67,87,86,98,38,64,34,19,31,55,94,2,25,34,25,8,77,67,89,9,45,2,52,8,63,52,61,10,58
95,73,99,26,50,7,28,61,56,69,96,33,75,13,20,9,36,85,76,96,66,15,59,54,5,11,46,67,21,57,45,1,60,35,45,91,69,38,67,92,47,84,9,53,24,60,29,32,91,77,38,21,50,11,8,86,33,89,95,27,21,85,59,43,11,98,63,85,4,27,55,62,71,99,23,73,31,100,41,5
44,70,1,16,70,2,8,37,4,26,55,52,41,33,13,98,73,63,43,39,54,48,43,22,8,46,77,67,72,40,2,61,23,63,51,15,70,22,87,58,93,50,14,59,7,77,95,36,2,95,98,93,13,19,52,50,48,84,100,92,77,30,64,45,12,14,67,17,94,16,98,50,1,55,27,7,39,84,90,83
76,43,87,61,54,1,66,56,53,72,78,14,47,54,13,5,100,18,95,35,21,28,96,79,2,20,31,10,52,37,97,6,94,67,63,19,5,79,15,27,96,80,10,56,64,44,51,56,73,43,51,36,3,52,96,80,43,80,41,91,30,73,90,48,24,17,13,23,7,6,41,5,46,92,51,64,10,40,89,76
98,87,45,61,35,47,30,39,2,22,71,55,20,8,53,55,42,90,39,81,65,73,92,64,30,33,9,12,92,67,68,50,66,21,16,86,4,43,27,84,18,14,3,43,53,13,63,50,83,83,7,43,43,8,27,36,48,50,9,42,27,14,77,23,20,76,19,74,93,39,17,10,44,1,28,50,94,42,26,40
84,11,52,83,47,89,72,35,54,66,97,31,50,28,51,20,71,80,23,41,83,70,27,9,27,78,83,9,40,27,26,67,45,55,80,40,58,47,1,79,57,71,50,86,6,55,15,75,9,46,16,85,65,63,46,27,22,23,52,37,5,66,38,21,22,32,94,1,67,24,33,4,50,65,54,94,75,14,73,88
15,2,34,68,25,30,76,39,82,58,10,70,94,78,85,17,76,34,15,11,11,10,95,82,86,62,95,44,31,89,10,80,55,25,82,46,58,76,58,85,42,20,88,35,72,33,77,89,80,31,24,40,44,57,71,22,69,97,5,76,65,54,67,25,83,96,38,63,11,5,73,10,65,42,96,80,66,36,39,26
14,47,41,12,77,11,74,93,53,57,79,9,50,9,87,42,91,80,63,86,74,46,63,2,45,74,98,84,11,15,62,94,35,51,11,24,43,88,6,13,56,81,14,58,30,16,45,55,37,83,46,71,94,92,89,21,10,94,100,55,34,75,32,1,91,57,58,57,56,58,93,91,73,79,61,55,18,66,39,99
49,14,24,97,91,33,53,73,40,34,21,2,59,44,15,85,40,50,50,59,23,20,25,20,53,30,50,97,9,22,92,59,18,62,27,12,21,35,47,10,96,92,94,19,4,38,10,78,8,83,2,8,13,31,12,42,97,40,99,14,61,95,50,69,21,22,86,90,40,76,13,68,61,5,6,45,12,53,65,14
85,53,76,79,55,87,92,15,98,70,67,98,62,98,72,6,67,63,17,83,8,45,94,59,63,84,59,34,10,95,83,91,99,33,30,98,18,1,16,26,49,5,19,57,93,57,96,6,77,32,27,56,28,65,19,97,87,12,23,47,1,13,27,50,29,45,1,81,28,72,15,44,8,35,79,75,43,73,42,7
27,79,51,24,12,78,94,76,16,19,69,97,45,68,39,96,75,25,81,54,66,61,17,29,77,42,80,49,37,14,27,78,8,3,68,98,42,74,72,16,30,11,64,20,58,7,88,38,68,81,43,13,32,97,20,98,66,94,21,72,39,60,44,19,20,80,96,35,56,20,49,20,36,71,79,44,39,20,44,32
49,69,34,66,90,83,9,59,23,37,34,37,20,77,47,17,90,39,53,6,88,28,22,10,47,86,69,82,6,11,100,88,8,73,3,99,7,39,2,97,36,52,100,45,84,6,1,8,6,52,51,4,57,75,60,19,52,78,8,60,70,95,38,47,36,60,45,7,37,3,97,76,32,86,90,49,6,86,12,43
67,85,52,10,45,33,40,87,49,62,62,22,11,2,65,30,38,5,60,33,56,39,48,19,70,53,66,67,99,93,64,96,45,4,76,58,53,55,20,31,6,67,83,33,4,45,69,72,79,85,10,86,53,93,91,7,89,17,28,50,54,79,100,37,76,79,33,27,23,85,46,67,12,63,28,36,69,57,86,37
72,23,77,77,78,99,18,100,61,25,59,5,36,16,93,54,75,81,63,18,90,66,55,28,25,85,44,61,36,55,42,11,37,20,98,71,39,54,94,56,39,72,34,18,96,65,46,31,4,22,13,90,75,15,70,94,50,54,61,3,97,87,65,58,21,68,28,21,59,3,78,60,24,66,49,4,89,89,50,59
62,55,100,42,5,79,65,41,24,15,57,14,49,77,34,69,28,56,85,91,42,54,59,69,24,8,52,83,22,33,47,21,79,70,2,66,70,46,10,6,53,61,49,63,62,91,71,43,40,65,78,33,13,70,62,50,12,17,5,45,38,43,39,44,40,10,76,74,36,43,32,43,16,42,7,92,7,94,37,94
28,38,12,92,51,41,98,44,32,86,71,34,50,83,55,34,5,50,70,12,19,93,49,33,91,92,22,26,64,6,1,79,59,11,20,67,73,15,5,76,75,40,68,91,6,52,34,100,47,28,38,2,96,27,35,13,90,61,83,59,57,99,29,71,89,67,13,28,74,94,72,74,34,41,33,98,48,96,3,5
97,64,54,39,34,76,94,68,13,15,45,55,24,22,26,84,60,53,85,98,38,83,14,82,6,91,11,53,42,5,64,99,92,82,81,3,56,68,26,80,63,52,19,41,16,66,22,65,64,34,38,41,30,14,32,22,49,66,4,24,86,25,96,24,99,31,67,87,83,81,35,38,56,20,17,12,90,34,4,66
82,43,83,41,90,37,84,48,83,48,84,19,62,9,16,4,86,48,72,37,77,89,87,50,74,58,57,23,15,31,39,57,48,97,99,80,84,98,21,85,21,99,53,18,25,23,48,80,2,46,55,17,34,48,82,61,77,14,45,23,52,15,58,66,3,21,66,92,47,13,65,30,90,55,99,3,60,48,12,11
21,85,6,73,7,7,83,52,39,90,64,80,92,19,41,99,23,98,67,8,16,68,56,18,50,34,53,34,96,19,5,10,6,59,45,13,95,97,83,13,45,62,26,69,72,10,81,72,1,92,57,1,3,81,66,73,38,95,77,20,62,32,17,41,14,37,90,12,85,96,80,43,3,58,28,47,100,8,97,84
11,63,71,41,63,7,64,27,23,44,28,27,19,64,24,46,4,64,66,62,34,13,33,71,12,60,97,1,16,14,11,61,9,100,31,65,92,79,74,71,49,2,77,100,59,63,14,24,44,70,74,28,50,51,51,3,66,20,19,64,20,95,49,80,48,45,99,52,34,64,90,65,30,85,94,13,60,14,63,55
69,4,2,90,98,32,88,1,2,92,57,41,35,25,69,26,11,3,5,74,20,56,81,91,75,30,90,53,48,80,47,44,42,2,67,89,36,63,67,59,12,70,74,56,25,66,73,96,84,10,62,29,85,3,69,17,25,16,11,17,49,2,21,58,73,20,16,84,26,30,8,80,58,85,64,96,69,24,41,23
30,81,13,21,8,77,41,27,43,71,20,17,66,9,79,44,11,87,38,40,72,43,37,99,40,2,55,1,19,94,70,5,33,16,36,55,4,92,8,98,75,67,31,31,77,34,35,27,47,51,36,43,58,72,3,83,78,24,43,13,98,13,93,65,76,3,86,4,7,20,34,36,26,40,55,84,66,25,41,31
30,65,37,30,72,28,78,78,71,5,4,97,33,38,89,50,53,90,36,78,17,11,18,62,60,5,81,35,86,98,7,68,32,66,99,94,2,29,1,10,4,53,52,50,11,16,95,12,59,49,71,66,51,46,24,23,95,62,12,22,21,100,46,24,50,57,47,63,15,36,6,84,43,25,62,19,62,78,41,27
51,79,14,31,37,20,53,9,95,92,48,85,60,65,49,6,45,73,23,16,74,90,13,39,85,36,72,67,90,14,48,12,38,59,72,64,48,74,33,55,80,77,15,78,70,15,33,43,86,41,66,53,95,29,66,93,10,74,40,58,79,22,19,23,42,14,4,77,17,82,29,10,58,30,94,50,1,23,2,99
48,59,55,13,72,91,66,49,30,98,89,30,34,46,26,89,82,24,4,23,59,54,57,45,73,59,53,48,76,19,1,5,82,87,64,18,71,6,33,100,64,28,59,49,55,55,32,65,14,6,11,19,1,32,4,95,69,23,67,41,23,26,3,66,61,61,53,51,33,83,32,58,42,59,21,95,75,20,41,78
84,71,19,72,8,19,7,37,39,8,49,8,86,34,45,67,41,77,16,13,79,9,47,24,38,65,80,93,74,28,34,22,88,95,29,59,79,93,75,46,94,78,16,95,47,34,43,20,68,34,1,12,84,60,69,11,57,45,77,14,75,76,100,93,92,69,75,89,11,29,57,57,91,7,81,95,55,87,50,3
72,81,11,71,63,43,80,33,73,56,67,31,22,80,35,54,15,55,27,49,4,69,16,15,34,66,69,62,84,31,2,77,80,43,12,98,26,58,46,82,49,33,35,60,71,40,3,79,59,17,74,53,70,28,34,36,91,62,23,22,55,99,60,35,62,31,64,99,1,21,30,2,10,52,86,88,8,27,65,65
73,92,85,26,92,20,2,86,87,5,32,40,45,35,89,84,6,96,84,18,41,95,89,95,70,31,78,36,88,53,26,53,31,38,61,36,80,57,32,40,26,77,14,22,55,28,57,24,100,44,97,42,68,13,72,18,89,13,23,44,82,100,6,96,75,50,25,27,2,99,30,8,46,8,92,16,7,34,26,32
47,10,21,22,2,85,9,49,69,77,14,98,63,22,14,70,9,88,93,44,13,47,19,47,89,89,26,71,6,28,37,62,67,20,84,95,93,68,32,28,29,23,91,23,89,60,77,7,75,84,84,67,53,20,64,16,70,16,81,51,83,83,43,54,14,34,58,7,40,74,54,5,91,77,3,94,17,78,46,98
43,18,13,93,63,34,27,93,52,66,42,22,57,91,76,73,89,99,60,37,62,43,57,66,66,79,8,24,56,58,32,62,53,28,76,64,70,1,12,17,15,72,21,71,63,87,38,77,98,88,37,77,73,44,12,93,36,66,38,7,72,71,76,29,47,5,43,44,86,94,53,35,22,62,83,54,3,81,5,31
75,58,46,15,38,60,45,39,58,16,18,10,90,50,31,12,12,32,69,4,15,28,76,50,83,75,5,81,50,32,19,28,53,11,2,13,76,81,19,81,37,42,57,99,49,62,43,59,94,32,76,52,5,100,77,80,62,9,56,60,41,81,93,56,29,30,76,52,4,52,90,7,25,2,34,76,94,17,82,96
8,56,65,8,88,48,33,48,43,18,4,89,74,89,60,18,51,49,78,40,83,41,91,46,69,27,86,32,50,87,81,53,85,86,22,76,34,41,8,53,20,46,58,80,9,51,71,12,56,59,3,29,11,15,34,79,17,68,60,45,14,71,16,82,53,85,47,50,39,61,49,58,86,83,44,18,76,6,59,79
35,28,10,27,47,11,56,14,95,81,91,100,63,92,57,44,41,30,56,64,58,62,91,64,95,81,58,6,37,97,45,60,43,73,80,72,74,29,65,16,67,97,34,50,95,35,9,49,91,25,92,52,25,46,9,53,100,48,33,96,46,47,8,75,9,32,94,66,26,100,18,83,99,93,59,65,9,29,26,92
53,92,17,63,21,87,19,69,70,37,17,93,41,96,95,97,2,21,44,70,12,1,35,49,64,100,38,78,36,1,51,82,100,78,17,71,99,39,39,80,59,83,14,5,54,64,78,90,77,47,72,55,37,31,12,96,82,47,79,7,71,84,70,82,35,3,56,50,78,54,21,74,15,5,29,82,100,98,58,38
37,4,73,82,62,29,15,83,95,99,19,91,20,92,59,31,6,17,33,37,34,78,37,8,19,5,72,19,33,74,8,13,4,11,21,9,47,99,74,17,89,86,93,83,11,64,87,71,14,9,75,62,6,25,46,69,16,90,57,42,93,13,31,73,42,57,6,77,100,78,50,31,13,78,72,64,16,79,51,50
21,99,16,86,59,63,2,62,84,60,67,4,88,55,20,13,47,40,97,80,80,75,86,49,69,46,32,65,82,84,51,89,6,35,100,39,18,87,12,43,58,83,10,65,27,33,49,48,36,48,82,1,74,1,4,65,79,53,8,87,44,38,27,72,65,6,96,39,80,31,99,72,60,34,85,100,28,77,60,54
4,20,11,90,23,54,70,23,37,98,41,72,45,10,78,48,9,75,69,86,13,45,78,77,32,37,38,63,67,14,78,3,59,37,73,3,9,97,81,50,41,37,64,31,36,74,8,22,18,59,71,26,100,20,6,70,6,42,76,49,56,66,16,83,73,70,59,55,21,42,66,66,51,21,21,36,92,88,94,6
95,6,38,99,83,93,50,87,61,33,98,98,2,97,2,56,1,51,90,66,47,75,95,78,33,39,10,62,29,73,20,55,82,62,83,24,6,90,37,69,5,32,61,10,94,71,100,26,26,7,63,85,19,76,78,35,33,12,30,63,46,58,77,99,11,51,30,38,94,24,74,82,58,62,29,51,26,86,100,48
5,37,26,19,7,21,47,30,69,10,17,58,78,82,39,7,90,35,13,36,89,42,67,40,18,33,86,76,83,52,62,61,58,84,60,32,94,40,91,27,64,51,95,77,37,35,98,58,40,10,62,74,93,44,79,74,74,58,52,45,87,93,49,24,43,19,21,70,11,22,95,49,77,54,62,38,9,30,46,49
69,61,81,69,96,96,53,6,25,87,41,3,59,27,77,83,56,34,85,10,9,34,89,91,39,91,71,78,20,86,47,34,28,97,82,43,29,96,65,56,91,88,73,80,76,45,83,8,48,13,66,53,33,76,89,62,92,52,45,37,65,3,68,80,23,4,27,72,77,92,49,50,90,98,81,18,96,66,100,90
86,46,92,49,45,54,88,97,14,21,27,90,70,30,87,80,89,41,63,38,93,1,1,40,70,87,12,42,35,81,37,83,36,7,87,43,38,86,89,37,5,97,1,46,10,3,7,62,8,24,49,96,22,47,98,62,96,80,77,86,84,62,47,38,66,11,97,63,36,79,1,89,83,35,8,18,85,27,43,41
68,41,85,23,7,77,81,89,31,61,91,99,13,47,90,77,51,18,66,63,71,25,47,14,53,18,73,71,44,89,33,99,88,99,26,80,16,77,69,55,36,55,27,9,32,46,27,75,65,6,6,92,31,10,83,36,21,37,24,14,39,82,80,86,2,12,90,33,56,36,68,15,44,41,25,12,20,41,5,71
6,23,12,35,52,57,84,53,41,66,77,76,31,59,57,13,5,47,55,1,1,40,45,74,38,62,71,38,25,32,26,43,27,66,4,18,87,99,65,18,4,29,78,15,40,35,61,14,9,13,54,80,33,87,18,79,45,72,92,57,33,91,94,59,79,13,90,34,100,48,10,41,65,72,62,47,8,94,83,67
91,32,19,86,84,95,30,99,47,83,74,67,98,33,44,87,77,94,77,28,53,39,30,64,31,93,59,41,38,20,10,36,12,86,67,2,34,50,53,28,3,18,72,69,25,25,16,46,20,20,47,37,25,48,20,29,76,4,86,55,57,59,33,93,97,10,90,73,53,64,75,33,90,100,76,79,96,75,76,87
84,5,14,89,78,48,49,56,88,46,88,62,15,3,47,57,44,81,54,9,8,44,61,92,79,71,45,99,27,50,4,63,42,66,81,69,17,52,9,40,38,23,64,68,82,58,82,42,3,22,51,69,6,80,81,32,56,37,14,92,78,69,86,47,17,67,95,56,83,4,24,72,74,97,73,46,14,68,10,46
50,89,11,13,27,93,38,86,45,69,5,84,66,75,25,40,37,46,32,35,1,72,43,54,54,81,22,78,69,76,30,46,30,33,31,80,72,88,37,96,63,41,90,60,16,22,74,92,81,22,33,91,46,31,87,53,91,67,46,57,43,13,8,85,58,27,60,6,36,32,17,48,7,7,29,57,72,66,35,72
95,77,12,77,57,62,54,98,66,22,8,34,100,69,63,46,44,83,34,1,52,35,13,66,78,23,84,30,87,43,66,29,46,23,76,28,31,4,47,38,66,12,81,1,9,27,45,31,69,90,59,47,93,97,39,79,65,89,41,81,86,41,23,20,57,4,17,4,96,90,31,54,96,76,43,97,30,52,62,92
80,74,89,84,7,40,3,14,12,5,66,25,4,91,27,2,14,4,4,74,84,94,32,84,19,72,89,78,96,4,44,50,36,28,35,85,78,32,33,75,76,10,40,25,23,92,80,90,89,76,53,86,57,21,76,31,78,67,32,52,61,37,47,95,34,88,49,30,12,40,73,58,80,51,76,90,41,26,99,93
88,17,48,10,99,13,45,27,33,81,82,14,20,26,59,18,45,63,89,13,22,48,95,100,16,88,90,99,94,93,45,65,63,49,33,87,51,26,80,91,96,63,52,18,26,1,34,75,15,12,83,30,6,71,53,1,23,87,47,99,12,61,51,59,71,75,85,93,89,33,9,19,79,54,38,78,34,3,68,12
41,38,97,34,9,78,10,20,93,96,98,92,55,33,47,52,40,21,83,74,61,69,26,18,95,17,2,66,57,93,63,50,20,33,72,88,66,44,98,33,51,62,15,85,2,37,65,15,29,39,91,5,84,91,61,77,10,74,76,16,24,36,17,94,41,43,60,41,28,100,91,71,61,76,91,96,90,20,37,42
32,16,18,4,100,21,26,54,93,2,76,71,25,27,91,2,9,9,52,78,10,65,86,60,49,94,59,88,59,48,39,68,11,9,34,13,25,6,5,66,13,26,32,51,58,39,10,58,95,50,8,26,37,96,62,18,66,91,28,5,8,74,18,10,10,7,44,6,12,67,93,54,64,61,21,86,21,17,52,1
35,37,61,32,32,37,92,2,5,48,28,60,13,70,6,9,66,73,42,49,21,73,16,15,73,28,33,21,28,21,5,10,69,38,65,40,55,52,16,14,36,17,48,45,13,29,97,68,77,37,99,56,86,12,21,95,37,6,89,70,100,84,32,29,19,52,91,90,91,56,100,89,27,37,83,32,43,28,21,57
90,17,83,25,86,97,32,24,17,12,11,17,3,46,20,27,29,12,27,85,40,22,70,23,7,82,75,66,54,88,6,38,61,90,87,69,78,96,49,62,20,53,69,83,2,72,21,87,88,94,89,75,60,1,44,77,87,100,29,40,72,88,9,69,90,32,9,75,19,52,10,54,94,68,33,3,35,12,42,3
10,86,37,52,62,88,81,51,32,72,29,15,39,28,99,94,98,31,16,57,13,60,33,10,88,36,33,28,72,99,66,50,37,46,77,58,11,94,8,67,61,49,47,93,18,95,32,37,99,47,37,23,71,49,53,65,62,57,41,23,9,92,77,22,21,9,70,23,59,88,89,23,19,45,64,60,66,43,95,50
85,62,24,100,93,34,72,7,67,40,91,53,26,68,62,42,56,41,20,97,92,98,66,6,14,6,4,41,88,4,87,37,34,51,31,9,91,3,16,47,56,89,72,1,54,27,29,14,41,42,67,88,90,29,87,57,56,96,74,48,48,51,90,42,86,83,68,57,19,4,49,69,94,45,68,78,63,54,17,26
48,8,62,63,28,74,87,19,57,22,57,35,87,4,14,67,58,1,85,46,3,98,90,86,21,40,38,75,82,82,50,77,45,8,12,5,19,94,77,80,64,22,57,85,17,11,83,11,63,74,16,86,60,32,29,28,16,55,79,44,59,92,8,84,56,73,94,32,82,46,76,19,23,87,91,31,21,51,26,25
49,30,51,18,78,94,81,9,6,24,41,99,62,27,79,65,24,31,14,59,62,78,44,9,44,31,6,95,39,24,1,30,46,81,65,80,41,29,8,84,33,59,41,93,22,76,78,36,75,92,27,89,64,40,42,35,69,3,16,45,15,91,9,38,86,42,79,6,46,87,49,51,99,47,18,73,96,91,63,88
95,33,4,9,67,3,30,52,9,65,58,68,23,86,23,60,78,60,78,4,67,5,84,91,30,15,83,74,60,40,38,51,30,69,63,70,93,67,22,66,99,70,4,40,100,12,39,3,81,88,32,2,71,88,8,58,35,27,84,31,66,59,53,24,41,73,89,71,50,43,12,13,63,36,29,69,23,28,30,66
95,3,77,5,94,51,82,88,40,7,40,42,29,76,22,81,19,85,8,77,94,21,41,82,15,56,10,28,2,87,2,44,63,70,6,53,59,15,96,9,54,35,20,90,93,45,42,96,81,37,11,22,94,73,51,93,48,79,34,50,25,58,70,16,1,82,74,29,57,3,97,52,60,32,7,87,76,67,21,20
35,24,32,2,56,89,92,24,23,61,22,8,5,20,71,80,67,4,20,58,31,64,71,31,99,68,45,21,4,53,62,73,14,100,32,75,98,69,57,70,80,87,21,38,18,77,31,56,52,76,81,87,81,21,8,21,15,91,100,51,72,58,65,73,87,95,58,46,9,86,63,18,26,71,95,24,47,9,53,63
52,88,88,57,25,39,13,53,29,19,90,49,43,55,22,55,54,77,66,23,51,23,17,6,7,95,54,9,12,96,2,92,89,64,81,73,56,47,76,93,83,80,53,76,93,12,17,30,80,11,53,51,83,52,24,45,54,14,10,100,22,24,20,77,17,78,24,12,99,89,35,68,15,52,42,50,50,89,44,98
66,86,63,17,39,61,18,58,3,56,18,4,41,30,71,15,91,86,5,62,68,22,85,7,34,15,30,27,80,75,67,88,8,1,64,61,24,42,34,81,100,4,65,85,8,30,52,86,18,74,88,56,65,40,95,92,56,67,43,1,98,95,32,22,21,24,19,99,33,69,37,67,89,25,8,46,48,74,76,39
27,7,81,22,20,38,8,1,59,18,24,58,35,67,14,79,26,59,84,86,17,97,49,73,16,91,62,60,41,79,37,34,46,95,3,13,94,80,94,46,29,55,62,6,60,10,31,79,49,90,100,80,57,22,8,98,63,64,29,96,49,30,36,8,90,53,65,64,43,89,78,41,82,35,32,65,99,5,14,56
75,81,5,89,20,25,71,20,58,95,41,24,2,66,52,64,84,40,87,35,52,66,90,3,50,13,48,47,84,35,80,77,15,57,29,16,76,50,66,57,71,40,8,73,27,88,94,28,52,12,1,29,45,83,1,55,4,53,64,20,34,55,76,69,83,93,59,93,97,7,33,44,50,55,99,1,7,6,48,84
10,36,70,9,27,2,65,87,6,68,50,22,60,92,100,1,93,16,11,27,39,44,18,3,47,88,99,89,53,26,31,71,32,14,79,78,15,15,2,76,65,82,74,6,21,45,13,24,64,89,38,41,8,76,20,43,49,39,6,87,35,9,56,42,73,22,12,45,61,40,10,40,79,38,3,59,84,77,26,96
29,20,64,84,61,49,92,2,95,45,100,89,84,19,39,2,36,6,34,24,61,42,51,29,22,7,68,2,67,76,76,82,85,66,27,40,97,73,78,20,46,56,74,77,32,86,88,79,21,61,89,96,71,39,64,19,81,95,55,15,4,84,11,94,82,5,95,94,46,42,38,92,97,23,5,63,42,78,28,83
9,70,83,76,63,89,60,17,6,16,20,40,68,38,79,99,63,66,76,34,72,57,67,28,17,92,39,92,87,40,64,13,36,36,43,37,90,47,91,45,40,48,78,16,47,26,84,62,70,16,97,94,6,75,71,18,88,31,18,61,63,40,81,71,99,35,32,53,67,60,39,57,73,55,29,76,82,25,67,69
6,78,66,43,33,42,23,69,31,28,5,22,9,78,55,24,30,92,41,79,3,54,35,55,54,87,86,54,87,13,31,67,54,81,72,61,45,65,51,30,54,16,15,8,50,37,87,23,53,20,64,79,1,18,5,53,79,77,13,72,34,15,95,90,67,7,84,67,46,94,24,29,32,6,40,68,1,7,84,69
76,99,6,13,63,76,77,61,20,33,18,39,40,77,38,70,41,89,56,17,19,55,59,29,65,20,22,93,17,30,28,54,3,78,47,56,46,95,97,82,67,78,17,79,90,14,50,22,74,41,35,61,42,91,51,27,30,55,64,22,86,91,70,93,47,85,87,37,32,20,80,31,83,1,25,51,11,3,94,84
60,57,72,31,54,67,97,27,77,15,72,47,96,16,94,16,86,43,61,16,85,26,67,62,18,12,35,80,97,98,1,85,40,13,69,36,19,43,79,84,32,25,14,35,69,97,63,43,59,66,23,66,17,70,47,50,59,53,59,41,47,26,30,87,19,67,41,7,48,71,21,44,57,34,59,80,74,26,13,95
100,77,20,42,93,19,2,89,46,50,86,78,53,11,44,2,26,64,59,47,49,30,98,31,4,85,52,5,33,73,77,92,78,63,51,20,12,51,4,59,72,70,9,95,20,29,100,16,44,88,10,10,87,92,98,89,18,40,4,6,2,60,6,19,91,3,57,97,63,71,80,13,91,22,80,80,99,37,8,8
82,34,24,22,36,34,90,25,19,82,58,96,44,33,74,96,11,55,59,86,99,95,29,88,77,11,15,47,19,95,15,100,90,95,31,94,7,27,12,89,9,63,32,22,26,22,50,61,32,4,23,68,96,71,41,34,35,57,13,66,61,50,71,52,62,21,22,88,43,83,73,100,60,68,77,37,79,94,32,69
61,72,30,43,99,7,77,10,11,58,66,70,13,32,41,58,18,39,25,30,35,10,42,91,86,71,18,77,93,58,64,72,97,92,74,35,14,88,82,85,63,96,12,16,24,26,15,62,1,44,55,86,10,55,26,73,76,7,95,2,72,30,33,75,65,30,68,16,36,88,12,72,4,67,5,66,90,19,48,73
68,33,46,40,62,81,29,85,83,15,79,43,87,64,99,41,70,97,2,62,10,68,87,23,73,90,28,65,12,19,15,68,47,26,21,37,33,44,25,47,98,81,62,95,60,38,79,45,62,90,62,77,62,62,47,29,55,12,29,58,70,54,12,40,26,69,59,55,82,67,96,22,64,69,55,76,99,41,7,20
11,17,53,32,43,62,52,31,16,44,74,84,77,92,7,53,40,27,38,18,50,32,56,11,26,12,65,15,31,100,82,70,75,2,53,97,12,89,91,53,1,69,8,66,67,33,5,65,2,86,23,5,56,42,18,80,36,56,5,76,37,12,25,94,82,24,36,48,53,1,35,27,3,23,2,66,96,13,53,25
36,73,71,73,63,70,37,42,45,43,57,4,37,76,70,24,49,59,7,95,77,49,51,70,12,53,30,82,22,30,22,53,66,65,23,82,94,33,17,42,48,79,15,35,38,17,90,79,32,75,8,28,89,28,100,1,86,98,4,65,7,30,67,10,58,10,83,16,72,100,45,1,14,77,30,44,34,31,98,42
48,56,54,80,54,56,88,28,65,93,95,62,67,54,56,57,18,11,24,4,14,93,85,67,93,90,39,52,24,53,48,15,90,72,60,3,88,63,13,24,79,78,27,63,96,3,47,81,65,3,65,78,55,71,61,34,82,90,78,14,37,86,2,49,60,58,1,55,73,17,52,14,36,48,11,21,59,53,37,47
97,16,74,74,31,54,44,83,76,22,54,86,24,69,54,63,78,69,13,41,46,7,87,28,3,54,67,6,47,34,62,91,24,72,93,76,96,96,35,62,57,62,26,36,67,93,53,89,30,21,77,47,12,21,22,75,41,87,9,69,50,58,80,49,76,57,2,30,44,33,94,88,17,43,97,77,25,99,7,16
20,39,4,98,6,7,58,99,89,46,24,27,65,24,28,28,45,45,77,38,47,27,77,66,39,8,95,14,72,61,95,55,42,39,33,95,73,4,92,95,35,84,90,61,82,51,35,7,52,29,33,73,96,33,4,14,69,35,98,57,82,64,30,51,46,15,26,28,98,75,52,63,6,13,24,77,68,79,78,96
57,95,39,24,74,27,90,14,48,59,73,10,31,89,12,83,12,17,58,100,24,71,26,1,28,76,46,96,1,61,74,67,64,38,78,20,63,57,38,74,27,76,3,62,87,13,96,83,38,7,45,64,63,76,75,66,43,68,12,66,41,39,22,75,65,77,90,13,23,48,12,1,98,56,28,54,25,54,64,19
63,60,30,73,58,52,75,33,86,80,92,16,99,4,49,85,19,33,59,45,13,76,7,42,15,93,10,16,76,90,76,12,2,82,1,44,28,14,34,50,46,53,3,52,30,60,18,62,94,66,64,6,46,59,41,38,58,37,1,95,51,51,85,91,29,50,83,57,68,20,14,98,64,35,82,10,9,11,6,18
24,99,30,18,38,39,67,41,33,26,71,26,10,61,86,59,27,17,4,16,46,87,56,42,61,80,37,45,49,8,12,5,44,10,69,6,26,90,97,43,22,44,6,93,45,15,21,53,38,39,3,47,82,69,73,65,15,76,32,24,80,28,92,72,83,88,88,33,16,73,6,52,95,66,84,53,83,43,51,40
23,30,17,57,98,9,95,2,77,43,94,27,19,45,41,67,64,27,9,81,62,14,38,93,2,41,31,17,48,3,57,61,78,44,47,87,76,84,84,96,76,82,4,85,68,98,10,77,90,98,6,37,61,65,81,68,46,70,77,79,51,32,17,78,52,12,6,41,50,90,14,69,5,96,70,84,80,43,24,54
96,44,1,59,88,7,98,76,42,95,29,81,48,12,75,33,96,30,7,8,71,21,77,85,44,21,84,90,63,86,84,91,31,31,66,100,41,23,78,3,3,4,73,49,56,79,26,29,69,25,81,64,5,41,41,4,82,56,74,36,90,40,60,29,33,5,37,30,17,76,88,37,71,35,69,12,13,37,99,15
84,43,60,84,66,97,8,19,29,21,47,1,51,16,72,12,31,80,17,44,54,8,86,58,86,61,45,92,9,69,62,96,57,78,64,10,75,27,100,57,23,21,8,76,91,19,91,82,35,73,16,59,48,4,54,92,19,81,36,68,35,30,90,82,94,50,100,69,44,34,89,51,29,12,56,46,89,54,6,62
31,71,95,64,82,77,74,61,2,2,61,5,88,95,53,100,97,46,24,55,31,72,25,92,2,66,98,72,53,26,53,88,64,17,60,70,92,63,21,26,78,9,14,81,76,12,70,29,71,2,53,42,83,97,16,55,2,14,65,93,89,77,17,80,67,94,77,17,64,35,12,100,69,55,86,55,92,62,64,73
67,83,3,70,73,25,44,54,16,29,13,45,96,30,6,42,47,100,69,47,43,4,56,75,69,44,22,67,56,5,73,38,4,30,87,10,7,71,93,17,1,94,73,55,39,30,47,35,37,29,54,35,68,28,69,24,95,87,86,78,65,26,69,81,54,12,57,95,89,36,14,90,25,71,3,71,92,84,62,83
36,94,72,66,52,91,47,42,79,98,59,46,100,61,84,3,30,75,66,35,87,58,34,28,49,65,80,2,45,45,27,85,56,74,7,6,24,70,3,7,71,22,98,35,91,72,41,56,87,45,92,63,9,30,11,74,21,89,65,37,63,90,55,94,70,74,68,79,20,26,88,81,23,19,83,30,40,58,21,88
32,61,61,60,7,14,96,76,6,42,57,13,26,17,15,51,9,47,61,35,19,10,40,98,36,9,47,49,92,67,42,83,49,64,95,40,83,13,55,25,57,17,27,16,64,45,8,42,97,90,9,24,41,26,78,22,72,85,11,96,57,1,59,43,36,99,5,7,2,51,1,23,32,1,79,13,9,37,40,98
13,46,67,8,44,38,90,61,15,86,22,52,66,83,35,93,69,3,78,99,31,37,60,79,96,93,30,5,4,36,17,68,36,80,24,100,19,82,96,92,78,15,92,40,15,42,45,82,95,62,32,52,71,89,53,81,30,88,60,33,86,49,55,30,19,32,85,12,71,48,20,89,30,32,81,9,24,48,49,93
96,21,34,46,15,99,12,36,68,20,80,20,71,4,5,27,67,58,82,45,33,6,62,25,50,50,98,28,89,72,53,42,67,7,45,41,94,28,22,87,62,48,60,7,55,43,91,97,62,72,24,22,15,53,41,53,88,13,33,23,91,24,19,25,11,78,63,26,60,78,40,43,50,43,80,87,67,26,13,81
90,60,8,26,23,88,75,34,12,45,17,42,53,15,34,49,25,9,37,75,25,91,66,4,14,22,99,32,47,20,83,19,18,58,8,20,46,100,82,11,47,40,3,29,24,78,100,99,57,90,12,67,82,23,91,4,95,28,19,86,92,33,97,1,8,42,58,94,20,57,15,8,31,30,39,48,93,22,86,3
10,32,75,87,47,69,16,96,13,40,34,17,22,91,28,15,20,52,79,69,41,15,62,49,13,73,15,22,59,91,30,58,7,97,73,67,92,87,76,95,73,77,57,8,54,88,85,97,53,49,11,96,22,30,96,84,89,28,48,71,54,99,65,86,61,10,45,32,25,7,70,18,2,83,60,39,13,74,66,85
79,88,85,40,85,45,29,12,85,8,80,41,48,57,44,89,81,73,33,59,45,1,71,63,78,93,91,77,88,88,89,21,31,16,18,8,24,38,45,94,16,1,14,85,37,62,91,76,31,39,67,64,93,80,4,99,38,66,61,7,90,34,25,31,55,19,58,59,58,13,85,57,90,92,40,64,64,70,88,53
34,14,95,32,31,22,14,11,21,67,19,4,89,36,17,30,97,45,55,20,50,16,22,49,20,98,78,1,71,27,23,80,89,36,14,49,59,86,85,58,82,53,1,72,65,39,18,4,26,3,7,97,23,44,83,88,37,50,94,48,71,82,90,62,58,14,65,41,29,78,94,44,94,33,73,11,84,77,2,90
4,8,3,94,84,68,84,3,45,16,6,48,80,72,84,16,17,55,44,98,21,47,27,91,45,24,98,2,60,34,29,11,21,44,94,13,61,14,7,83,68,28,92,79,87,12,48,7,3,62,71,93,2,10,100,2,3,32,92,65,78,38,35,46,26,66,63,42,31,35,44,67,49,44,55,81,47,88,43,78
52,43,82,12,37,86,12,17,69,62,76,70,4,89,5,80,82,80,69,43,84,30,39,68,59,17,69,13,24,66,48,88,57,41,48,52,52,67,88,25,75,31,15,42,31,25,53,98,84,81,55,41,66,57,63,48,63,79,88,67,74,92,73,53,36,15,22,99,25,37,11,96,97,5,40,87,54,77,54,69
2,77,60,95,84,58,94,85,39,17,66,88,88,60,28,27,24,63,49,7,5,75,38,62,92,76,60,22,58,21,10,85,70,98,78,29,6,88,64,77,43,2,80,13,65,80,50,51,54,47,79,9,16,12,81,12,32,40,13,99,4,32,14,85,86,71,11,48,26,25,69,33,64,99,7,32,17,37,81,58
19,48,85,37,91,93,84,58,12,23,32,62,5,86,44,92,43,5,76,85,53,59,67,69,33,64,9,27,22,25,17,53,83,36,57,49,35,99,95,96,13,39,19,45,93,13,48,16,21,4,2,1,76,90,17,19,9,76,45,89,49,99,100,90,29,88,11,96,3,30,20,88,49,13,70,61,76,54,49,66
13,75,62,48,19,63,38,80,11,42,61,74,15,75,65,3,98,55,38,17,80,11,18,94,10,8,11,17,3,5,96,62,95,13,32,41,86,6,15,76,91,26,89,52,33,62,97,28,80,45,47,18,26,42,83,54,82,38,21,68,91,92,79,72,69,48,15,17,96,89,76,47,67,98,98,96,75,19,88,29
18,37,56,28,36,96,62,85,31,80,82,55,6,92,93,29,2,83,7,9,75,3,7,58,2,25,1,81,35,19,8,84,88,51,13,52,63,93,5,73,26,46,65,64,16,89,7,17,70,43,74,41,39,14,70,28,67,13,96,90,17,71,43,81,59,61,15,89,92,38,65,8,50,58,93,66,1,1,27,9
36,90,12,12,87,13,5,86,13,72,76,94,25,29,64,73,56,49,76,79,34,99,15,14,27,6,71,100,92,6,80,53,7,66,95,93,71,18,13,77,72,64,98,99,80,3,1,22,57,84,91,55,18,16,5,63,73,22,99,94,29,23,1,64,12,23,32,35,68,73,67,77,85,50,80,71,27,13,25,83
98,73,89,60,21,97,84,1,59,62,63,69,16,17,48,44,81,44,46,26,37,96,13,37,91,54,62,40,13,48,48,51,84,66,27,47,11,68,75,46,64,22,85,4,71,11,50,81,69,11,80,27,33,20,14,91,97,41,75,60,51,33,48,77,13,71,57,69,46,87,29,49,2,17,54,86,35,51,12,42
82,80,14,73,69,20,59,13,15,54,68,61,92,12,35,80,48,81,63,77,62,47,99,17,40,59,73,92,47,45,53,13,95,6,20,93,63,17,6,48,55,99,21,80,77,41,83,96,92,95,21,34,84,14,23,3,21,36,59,23,97,60,88,34,24,61,52,83,6,70,4,40,47,87,36,63,52,52,10,82
9,55,57,67,72,35,55,86,79,40,83,67,72,76,8,12,2,90,33,56,36,96,59,56,15,36,35,63,20,44,49,69,70,43,74,61,73,18,3,51,33,57,49,15,70,64,75,23,41,73,16,31,79,71,18,19,78,56,3,65,15,95,9,36,78,64,30,44,75,73,21,38,99,7,37,28,90,77,21,91
57,34,19,42,58,16,59,22,20,7,18,38,62,61,61,59,31,18,58,3,2,80,74,74,72,97,72,78,32,28,55,26,44,83,88,23,77,65,3,81,25,32,17,13,37,17,33,34,18,84,16,53,84,68,28,11,7,61,92,58,94,3,78,30,1,51,23,23,2,90,45,89,5,65,100,30,87,41,3,49
83,83,53,71,38,39,4,96,71,51,57,1,16,50,47,72,31,20,92,37,92,78,16,80,71,5,24,42,60,37,71,78,50,93,17,35,45,30,29,27,87,24,62,12,43,8,27,68,10,12,17,26,13,13,95,3,78,3,8,84,5,71,83,27,84,99,88,75,42,38,79,30,40,43,69,52,6,99,92,20
96,76,32,55,20,97,57,31,20,61,64,95,88,46,51,34,72,91,35,99,4,48,23,58,69,79,65,33,74,83,67,51,88,75,90,23,37,49,92,1,35,61,31,37,5,23,59,26,93,72,32,48,76,65,5,92,16,2,13,28,18,56,74,56,19,22,71,2,65,2,44,18,2,37,41,38,62,99,61,29
72,37,45,24,29,99,87,71,95,47,70,94,40,4,37,54,61,94,50,53,21,40,30,94,87,44,32,67,2,26,99,1,62,83,40,15,92,60,10,100,54,58,34,60,100,87,84,100,72,38,43,42,95,7,97,49,10,92,17,91,85,55,54,11,9,63,43,32,56,40,27,20,49,94,73,66,22,92,49,53
4,55,76,84,19,31,53,70,50,44,74,35,29,98,97,63,44,98,81,13,40,68,37,89,65,6,98,21,75,45,4,77,8,98,26,80,70,31,49,51,35,21,65,75,15,51,8,21,33,90,11,6,35,15,20,39,59,28,31,39,66,38,62,90,60,48,96,4,79,22,65,10,83,54,62,76,57,73,35,80
52,66,89,95,78,75,28,71,20,4,86,48,60,79,38,45,50,19,99,67,11,80,55,78,66,4,55,25,22,52,30,33,32,78,80,26,12,12,89,77,59,90,77,94,66,13,61,74,75,49,95,84,27,25,75,35,57,94,2,73,46,3,10,35,71,75,11,67,96,50,32,91,35,9,47,82,71,85,75,18
23,54,7,81,7,81,43,4,31,40,64,9,8,73,41,64,69,89,98,2,23,27,56,65,41,100,55,50,28,29,87,17,41,62,90,63,25,22,64,45,88,14,45,87,59,28,34,84,14,10,37,43,57,80,96,18,49,6,36,78,29,66,8,70,4,78,74,83,16,61,61,40,89,12,27,66,82,61,97,13
5,60,54,86,61,70,54,59,91,28,26,12,28,96,41,94,54,89,70,2,31,12,38,39,58,96,89,61,95,33,89,50,100,16,65,50,22,98,70,97,26,86,3,87,64,8,23,2,41,39,17,37,7,58,14,7,15,60,89,2,81,94,19,57,39,50,89,2,55,80,3,87,52,39,91,34,17,2,99,24
78,57,53,77,66,88,14,56,80,42,99,12,100,42,50,37,100,75,80,56,49,19,12,46,33,90,74,64,80,11,13,37,48,53,87,76,86,79,62,51,79,43,16,14,85,6,27,25,38,65,85,56,24,52,3,17,44,47,9,15,87,88,11,18,54,12,33,71,19,71,17,46,50,43,47,92,43,43,97,88
59,74,29,81,29,58,85,89,15,31,96,23,78,71,19,74,2,30,87,17,6,85,46,23,42,47,14,66,5,98,58,7,35,78,45,53,13,91,78,77,17,77,37,59,90,70,95,93,57,11,91,36,8,93,18,19,58,78,43,28,23,94,60,18,21,41,58,76,84,6,52,7,31,99,50,57,27,59,5,45
63,75,3,39,60,50,80,96,33,83,76,67,76,14,8,15,65,76,95,46,7,60,73,46,85,78,62,47,68,6,78,5,5,70,5,86,63,1,90,43,38,82,94,92,1,41,31,93,46,39,25,28,62,88,50,24,3,21,92,18,85,44,56,14,2,51,24,87,55,90,12,14,65,17,74,54,16,81,81,21
